id,pr01,pr02,pr03,pr04,pr05,pr06,pr07,pr08,pr09,pr10,co01,co02,co03,co04,co05,co06,co07,co08,co09,co10,ut01,ut02,ut03,ut04,ut05,ut06,ut07,ut08,ut09,ut10,ut11,ut12,fa01,fa02,fa03,fa04,fa05,fa06,fa07,fa08,fa09,fa10,de01,de02,de03,de04,de05,de06,de07,de08,de09,de10,de11,un01,un02,un03,un04,un05,un06,un07,un08,un09,un10,un11,un12,gt01,gt02,gt03,gt04,gt05,gt06,n_dighelp,f_socnet,dig_job,dig_spec
00XzIUUVmQ,3,3,3,2,3,2,3,2,2,2,2,3,3,4,2,3,2,2,2,3,3,2,3,3,3,2,3,3,2,2,2,3,2,2,3,2,3,3,3,3,3,2,3,3,3,2,3,2,3,3,4,3,2,3,2,3,3,3,3,2,2,2,3,3,3,3,3,3,3,2,2,1,-2,FALSE,FALSE
0aABrq9MBY,3,3,3,3,2,2,3,3,4,3,3,3,4,2,2,3,3,2,3,2,4,3,2,3,2,3,2,3,3,2,2,4,2,3,3,3,3,2,3,2,2,2,2,3,3,3,3,3,2,3,2,3,3,3,2,1,1,3,3,3,3,1,3,2,2,3,2,3,2,3,3,NA,-2,FALSE,FALSE
0c6myGTrKr,3,3,3,3,1,4,3,4,3,3,3,3,4,4,3,4,1,2,2,3,4,3,4,3,3,4,4,3,3,2,3,4,3,2,3,3,3,4,3,2,3,2,3,3,4,2,4,3,3,3,3,4,2,3,3,3,3,4,2,2,3,4,3,3,3,3,3,3,3,2,3,1,2,FALSE,FALSE
0CS5iaAVos,3,3,3,3,2,3,3,2,3,2,2,2,2,4,2,4,1,1,1,2,5,4,5,4,5,4,5,4,3,4,4,3,4,4,1,2,3,3,3,2,4,4,3,3,3,0,3,3,3,3,3,3,3,2,2,3,3,3,1,2,3,2,2,2,3,2,3,3,2,2,3,3,1.5,TRUE,FALSE
0hrSDnMpUk,3,3,3,2,3,3,3,3,4,3,3,3,3,3,3,3,1,4,4,3,4,4,1,4,4,4,4,4,3,1,3,4,2,2,4,1,4,3,1,1,2,1,3,3,3,2,3,3,3,3,3,3,2,4,4,4,4,4,1,4,4,4,4,4,4,3,3,3,3,1,3,2,-2,FALSE,FALSE
0iqSSzBl6e,4,3,1,0,4,5,5,4,4,4,4,3,4,5,4,3,1,5,4,5,5,5,5,5,3,5,4,5,4,2,2,2,2,0,2,2,4,2,3,2,1,3,3,4,5,2,5,3,3,5,5,3,1,3,3,5,3,4,1,4,4,4,3,4,4,2,3,2,4,4,3,1,-2,FALSE,FALSE
0maEmGpULZ,3,3,5,3,4,4,3,4,4,3,3,3,4,4,4,4,1,2,3,3,5,5,3,4,4,4,4,4,4,2,4,4,3,2,1,2,3,4,2,2,2,3,4,4,3,0,5,4,4,4,5,4,4,4,4,4,3,4,4,3,4,4,4,3,4,1,1,1,1,0,3,3,-2,FALSE,FALSE
0tQInW4G3B,1,1,1,2,1,3,2,4,3,3,2,1,2,3,2,2,3,1,2,1,4,3,4,3,3,3,3,3,3,1,1,3,3,3,0,0,3,0,1,3,3,4,3,2,2,3,4,0,3,1,4,3,4,3,2,2,2,3,1,1,4,1,2,3,3,1,1,1,1,2,1,2,1,FALSE,FALSE
0uZliSVPMZ,3,3,3,4,0,4,1,3,3,1,4,2,2,5,3,2,0,2,1,1,4,3,3,2,4,3,4,4,3,3,1,3,2,2,3,1,2,2,1,2,2,4,3,1,1,1,4,0,3,1,1,3,1,4,3,4,4,4,4,2,4,2,2,4,4,1,1,1,2,0,1,4,0,FALSE,FALSE
17jWtPKrPr,4,3,4,3,3,4,3,4,4,3,3,3,3,4,2,3,1,1,2,2,3,3,3,3,3,3,3,4,4,3,3,4,2,1,2,2,3,3,3,2,2,2,3,3,3,3,4,3,3,3,4,3,1,4,3,3,3,4,4,3,3,4,4,3,3,2,2,3,2,2,3,1,3,FALSE,FALSE
17XN2GOE6F,3,4,4,5,2,4,3,4,4,3,3,2,4,4,2,2,3,1,2,2,4,3,4,3,3,4,2,4,4,2,2,4,1,1,1,2,1,3,2,1,1,1,4,2,3,0,5,2,3,3,5,2,1,4,3,2,3,4,4,4,4,3,3,4,3,2,3,2,3,3,3,2,1.5,FALSE,FALSE
1anEmI3vYK,3,3,1,2,4,4,4,4,4,4,4,3,4,4,4,1,2,1,1,3,4,4,5,4,3,4,4,4,4,2,4,4,2,1,0,1,3,2,2,1,3,2,4,4,4,2,5,3,3,4,5,3,5,3,3,4,3,4,4,3,4,4,3,4,4,1,1,1,1,0,0,1,0,FALSE,TRUE
1d7CXSliMB,4,2,3,2,0,3,3,4,4,4,2,2,3,3,3,3,2,3,3,2,4,3,3,2,2,4,4,4,4,1,4,2,4,1,4,4,4,4,1,1,1,4,3,2,3,2,3,3,2,3,3,3,2,3,3,3,3,3,2,3,3,3,3,3,3,2,3,3,3,3,3,NA,-1,FALSE,FALSE
1fgBHEHq6T,3,3,3,3,3,3,3,3,2,3,3,3,3,3,3,2,2,1,2,2,3,3,4,3,3,3,3,3,3,3,3,3,3,3,2,2,3,3,3,3,3,3,3,3,2,2,3,3,3,3,3,3,3,3,3,3,3,3,3,3,3,3,3,3,3,2,1,1,1,1,3,2,3,TRUE,TRUE
1K9AZYhfrl,2,2,2,2,2,2,2,2,2,2,3,2,2,3,2,3,2,2,3,3,3,3,3,2,4,3,3,3,2,3,2,2,2,2,1,1,2,2,2,2,2,2,3,1,2,3,5,1,2,3,5,1,1,1,1,3,1,1,2,1,1,1,1,1,1,1,2,2,2,1,3,1,-2,FALSE,FALSE
1Kr3AOODZh,4,2,2,2,3,4,4,3,4,4,3,3,3,4,3,4,1,2,3,4,4,4,3,4,4,3,4,4,4,3,2,4,3,2,2,2,2,3,1,2,2,2,1,3,2,3,3,1,2,3,2,2,1,4,3,4,3,3,2,2,4,4,3,4,3,3,3,3,3,3,4,1,-2,TRUE,FALSE
1RDSEuWBwm,3,3,2,3,2,3,2,3,3,3,3,3,3,2,3,3,2,2,3,3,3,3,3,3,2,3,3,3,2,2,2,3,2,2,2,2,2,2,2,2,2,3,2,2,2,2,3,2,3,2,3,3,2,3,3,3,2,3,2,3,3,3,2,3,3,2,2,2,2,2,3,NA,2.5,FALSE,FALSE
1RFZ3YYyia,3,3,4,4,2,3,1,3,3,3,0,2,3,3,0,0,1,0,0,1,4,3,3,4,2,3,2,1,1,1,1,1,2,1,2,0,2,2,2,3,2,2,2,1,0,0,3,2,3,2,3,2,3,2,2,4,3,3,0,0,3,3,3,4,1,0,0,2,1,1,1,2,2.5,FALSE,TRUE
1WjZ4KUvYG,4,4,4,4,3,5,4,4,3,3,0,3,3,5,4,4,1,0,3,3,5,5,5,5,4,5,4,5,5,1,4,4,1,2,0,0,3,3,2,4,2,4,3,2,4,1,5,3,4,4,5,3,1,5,4,3,4,4,4,3,4,3,3,4,5,2,2,2,2,0,3,4,-0.5,FALSE,FALSE
1zVgfYnwfn,3,3,3,2,3,2,3,3,3,2,4,3,2,5,5,4,2,3,3,3,3,3,2,3,3,3,3,2,3,3,2,3,3,1,3,2,3,3,2,2,2,2,2,2,3,3,4,3,3,3,5,2,2,3,2,3,3,3,2,3,3,2,3,3,3,2,3,2,1,2,2,NA,-2,FALSE,FALSE
27sMU3wN3O,3,3,3,3,3,3,3,3,2,2,2,2,3,3,2,2,2,2,2,3,3,3,3,3,3,3,2,3,3,2,3,3,2,2,2,2,2,3,2,2,2,2,2,2,3,2,3,3,3,3,3,3,2,3,3,3,3,3,3,3,3,3,3,3,3,3,3,3,3,3,2,1,-2,FALSE,FALSE
292nP1CpGq,3,4,3,4,2,3,2,2,3,1,2,2,3,3,2,2,2,2,2,3,3,3,4,3,3,3,3,3,3,3,3,3,3,3,1,2,3,3,3,3,3,3,1,3,1,1,3,3,3,3,3,2,2,3,3,3,3,3,1,1,2,1,3,1,3,1,2,2,3,4,1,3,2,FALSE,FALSE
2C5vqAxJUd,2,2,3,3,1,3,3,3,3,1,3,3,4,4,3,4,1,2,3,3,4,3,4,3,4,3,3,4,5,2,2,3,3,2,1,1,2,2,3,2,2,3,3,2,2,3,3,1,3,2,4,2,3,2,3,3,3,3,4,2,2,3,3,2,3,4,3,3,3,2,3,1,2,FALSE,FALSE
2F5efYz8hr,3,3,3,3,3,1,3,2,2,3,2,3,2,2,3,2,3,3,3,3,3,3,3,2,3,4,3,3,2,2,2,3,2,2,1,2,3,3,3,2,2,3,3,3,2,2,3,3,3,2,4,2,3,4,3,4,4,3,2,3,4,3,2,3,2,1,1,1,2,1,3,2,2,FALSE,FALSE
2kqeEL9CHv,4,2,4,3,2,3,3,4,3,3,2,3,3,4,2,3,1,2,3,2,4,3,3,3,3,3,3,3,4,2,3,3,3,3,2,2,3,3,3,2,4,3,3,2,1,1,4,1,3,3,3,3,2,4,1,3,2,3,1,1,3,3,2,3,3,3,3,3,3,2,3,2,-2,FALSE,FALSE
2quJKHNAKL,1,3,1,4,0,1,1,3,1,4,3,4,4,5,4,4,0,2,3,2,5,1,4,3,4,5,2,4,0,2,3,2,3,0,0,3,4,3,2,1,0,4,0,0,4,0,5,3,2,2,4,2,1,4,2,5,0,5,0,1,2,0,4,1,0,2,2,3,3,4,1,1,0.5,FALSE,FALSE
3iQ7cjWIm6,2,3,3,2,4,3,3,3,2,4,1,1,3,4,1,0,4,1,0,0,5,5,5,5,5,4,4,2,1,4,5,5,1,2,4,1,2,1,3,5,2,2,3,2,2,1,4,4,1,4,4,3,4,5,3,2,4,3,4,1,5,1,2,5,5,0,0,1,3,1,2,3,0.5,FALSE,FALSE
3ks3QZaPmx,3,1,2,2,1,2,2,3,3,1,2,2,1,4,2,4,0,1,2,2,4,4,3,4,3,4,4,2,3,3,2,2,0,4,0,0,2,2,1,1,1,1,2,1,1,3,4,1,4,1,4,1,1,2,2,4,2,2,1,2,2,2,2,1,2,2,2,2,3,3,4,1,0,FALSE,FALSE
3N1zjFzb82,3,2,3,1,3,2,2,3,3,2,2,2,3,4,2,1,2,1,2,2,4,4,4,1,4,3,4,3,3,3,3,4,3,3,1,0,3,3,2,3,4,5,3,2,2,2,4,3,2,2,4,2,2,3,3,1,2,3,1,3,4,0,2,2,3,2,2,1,1,2,3,2,-2,FALSE,FALSE
3PBVRnDHHV,4,2,3,2,3,4,3,3,3,3,3,4,3,3,3,2,1,2,2,3,5,4,5,3,3,5,4,2,5,2,5,5,2,2,2,2,2,3,2,2,2,3,3,2,2,2,5,2,5,3,5,2,2,4,2,4,4,4,2,3,3,0,3,3,4,2,2,3,1,3,2,1,0,FALSE,FALSE
3uVnF8WPVZ,3,3,4,1,3,4,4,4,3,4,3,0,4,5,4,1,5,4,4,4,4,4,4,1,4,4,4,4,4,1,4,4,0,0,1,1,0,3,1,1,0,4,4,3,0,4,4,4,1,4,4,3,0,3,4,5,3,4,4,1,3,3,3,4,4,2,2,2,3,3,3,3,2.5,FALSE,FALSE
3WSvl9SrqG,1,1,2,1,4,5,2,4,5,3,4,2,4,4,1,2,1,2,4,1,5,4,5,3,4,5,5,4,4,3,3,5,5,3,1,1,5,3,1,4,4,5,1,4,1,1,0,4,3,4,1,4,3,4,1,0,1,1,1,3,4,2,1,4,1,1,1,2,3,1,1,2,-2,FALSE,FALSE
42YX9G92Qr,3,2,3,2,3,3,2,2,3,1,1,2,2,3,1,3,1,2,2,1,3,3,3,4,3,3,3,4,3,1,3,4,1,0,1,1,1,1,1,1,1,1,3,1,1,2,3,3,3,2,1,1,1,1,3,4,4,1,1,3,1,3,1,1,4,1,1,2,1,2,2,NA,0,FALSE,FALSE
4f9W10V6rs,3,3,3,3,3,3,3,3,3,3,3,3,2,4,3,3,2,2,3,3,3,3,3,3,3,3,3,3,3,3,3,3,2,2,2,2,3,3,3,3,2,2,3,3,2,2,3,3,3,3,3,3,2,3,2,3,3,3,2,2,4,3,2,3,3,2,3,3,3,3,3,2,-1,FALSE,FALSE
4FNyYiB2m7,4,3,3,3,3,4,2,4,3,3,1,1,4,4,1,1,1,2,1,1,5,4,4,3,4,3,1,4,4,1,4,4,1,2,1,1,1,2,2,2,1,4,1,0,1,1,4,3,3,1,4,1,1,3,2,3,3,3,1,2,2,2,2,2,2,3,3,3,3,1,3,NA,-2,FALSE,FALSE
4OOH0veBaG,3,1,3,4,0,3,1,3,4,1,1,3,4,5,2,0,1,1,1,0,4,3,4,4,4,4,4,3,3,2,0,5,3,3,0,0,2,0,2,3,1,4,3,1,0,2,4,1,3,4,4,0,2,4,3,3,3,3,4,3,2,0,2,2,2,1,2,1,1,3,1,1,-2,TRUE,FALSE
4PS3dGM6uP,2,1,2,1,0,3,0,2,1,3,0,1,1,3,0,1,1,2,0,1,4,3,3,1,3,4,3,0,5,2,1,5,2,2,2,0,1,1,1,1,2,2,1,0,0,4,1,0,2,1,2,0,1,3,1,2,1,2,1,0,1,1,2,4,3,1,0,0,1,1,1,NA,2.5,FALSE,FALSE
4qqUrRUpeN,2,3,2,2,2,3,3,2,2,3,3,3,3,3,3,3,3,3,3,3,3,3,2,3,2,2,3,3,3,2,2,2,3,3,3,3,3,2,2,2,2,3,2,2,2,2,3,2,2,3,3,2,2,3,3,3,3,2,2,3,3,3,2,3,2,1,2,2,2,1,1,NA,-2,FALSE,FALSE
4twihgKt66,2,3,2,2,3,3,3,2,3,3,2,2,3,3,2,3,2,2,2,2,3,2,4,3,3,3,3,3,2,3,3,3,2,2,3,2,2,3,3,5,3,3,2,2,2,2,4,4,4,2,3,2,3,1,1,0,1,0,0,0,0,0,1,0,2,0,0,0,0,0,0,NA,1.5,FALSE,FALSE
4UTTkH0nJu,2,3,2,4,2,4,1,3,2,3,2,2,1,3,1,3,1,2,1,3,5,5,4,3,2,4,2,3,3,1,2,3,3,3,1,0,3,0,2,2,3,3,3,0,2,2,4,1,4,3,4,2,2,3,3,2,3,4,2,1,3,2,2,2,3,1,2,2,1,1,1,1,-2,FALSE,FALSE
52ias4Hp6G,1,4,0,2,3,3,2,2,2,5,4,4,4,1,1,3,2,2,3,4,3,4,1,3,4,3,5,3,1,0,3,3,3,4,5,3,3,1,1,3,1,3,5,2,3,1,3,4,5,4,2,4,0,2,2,4,4,4,3,5,5,4,2,5,3,2,1,1,1,3,1,1,-2,FALSE,FALSE
57iNTSlTke,3,3,4,3,3,4,3,3,4,3,3,2,3,4,2,4,1,1,1,3,5,5,5,5,3,5,5,5,5,3,4,5,1,0,0,1,2,1,4,0,1,2,3,4,3,1,4,3,3,4,4,3,3,4,4,4,4,4,5,3,4,4,4,4,4,3,3,3,3,3,3,3,2,TRUE,FALSE
5aN9ZjtkbN,3,1,3,2,0,5,3,3,3,1,3,2,3,3,3,2,1,1,1,2,5,5,5,4,4,5,4,5,4,3,1,5,2,0,0,1,2,3,3,2,2,2,3,2,1,2,4,0,3,2,2,3,1,2,2,2,2,3,1,2,2,2,2,2,3,1,1,2,2,3,1,NA,-2,FALSE,FALSE
5Be3ukVGKy,2,3,2,2,2,3,3,3,2,2,3,3,2,3,3,2,2,3,3,2,3,3,3,3,3,2,3,3,2,4,3,3,2,2,2,2,2,2,3,3,3,2,3,2,3,2,2,3,2,3,3,3,2,2,3,3,3,3,3,3,3,3,2,3,3,2,2,2,2,0,2,NA,-2,FALSE,FALSE
5c3yFSkAy8,3,3,3,3,2,3,2,3,3,3,4,3,3,3,2,3,2,2,2,3,3,3,3,1,2,4,4,4,3,4,1,4,1,2,1,3,1,1,3,1,1,2,4,2,3,2,4,1,3,3,3,3,3,5,3,3,3,4,4,4,4,3,2,4,4,1,1,1,1,0,1,2,0,FALSE,FALSE
5cKoJg26PJ,3,4,4,4,4,4,4,4,3,4,3,4,4,4,3,3,1,2,2,2,4,4,5,4,3,4,3,4,5,1,4,4,4,4,0,1,4,4,3,4,4,5,3,2,4,1,4,4,4,4,4,4,4,3,2,3,2,2,1,2,3,2,2,2,3,2,3,3,3,3,3,2,3,FALSE,FALSE
5cUyEml8aC,3,3,3,4,3,3,3,3,3,3,3,3,3,4,3,3,2,3,3,3,4,3,4,2,3,2,3,3,3,3,3,3,2,4,1,2,3,3,3,4,3,1,3,3,2,2,4,3,3,3,4,3,3,3,3,2,3,3,3,2,3,2,3,3,2,3,3,3,3,2,3,1,-2,FALSE,FALSE
5DxhOpTkau,3,3,4,4,3,3,3,3,3,3,2,3,3,4,2,4,0,2,2,1,5,4,5,5,4,4,4,3,4,2,5,3,2,1,1,1,2,2,3,2,2,2,3,3,3,1,5,3,3,3,4,2,1,3,3,4,2,3,3,2,3,3,3,3,3,2,2,2,2,1,2,3,-0.5,FALSE,FALSE
5Gp1ImpHd9,2,2,2,3,1,3,1,1,1,0,2,2,3,5,2,3,1,2,3,3,3,3,3,3,0,2,3,2,5,3,3,2,2,4,1,0,2,1,2,3,3,3,2,0,1,3,3,1,2,3,3,1,1,4,3,3,3,3,4,2,4,4,3,4,4,3,3,4,2,1,3,1,2.5,FALSE,FALSE
5LKHNYGhXh,4,1,5,3,3,1,4,5,5,4,4,4,4,4,3,1,0,1,4,1,5,5,5,5,1,3,5,5,4,0,4,5,4,5,0,1,4,4,4,4,5,5,1,2,1,0,4,3,3,4,5,4,4,3,0,1,1,2,5,0,1,1,0,0,0,3,3,3,3,0,2,3,-2,FALSE,FALSE
5m4M2XIyjJ,1,1,3,2,1,3,1,3,2,2,1,1,3,4,1,2,4,1,1,1,4,4,4,3,4,4,2,4,3,1,1,4,1,2,1,1,2,2,2,2,2,2,3,1,0,1,4,1,3,2,4,1,2,4,5,5,4,5,5,5,5,5,5,5,5,0,0,0,0,0,0,3,1.5,FALSE,FALSE
5n0UsXGvA3,4,4,3,3,2,4,4,3,3,4,5,2,1,3,5,5,1,2,4,4,4,4,3,2,4,3,4,5,5,1,3,4,1,1,1,4,4,4,0,2,0,1,5,3,4,1,1,5,2,4,1,4,0,4,4,4,4,3,2,4,4,3,4,3,4,2,1,1,1,0,0,NA,-0.5,TRUE,TRUE
5svwlAueuh,3,3,3,4,1,5,2,3,3,2,3,1,3,5,2,4,2,2,1,1,5,4,4,4,4,4,3,4,3,1,1,3,1,1,0,1,2,1,3,2,0,1,3,1,1,2,5,1,3,3,4,2,2,4,2,3,3,4,3,3,3,4,2,3,4,2,3,3,3,2,1,1,-2,TRUE,TRUE
62v4TBSJgK,3,4,4,4,4,4,3,3,3,2,1,2,1,4,1,2,1,1,1,2,3,4,5,4,3,3,3,4,4,1,4,3,4,4,1,2,4,3,4,4,4,4,2,3,1,1,1,3,2,4,4,2,3,3,2,1,2,3,2,2,2,2,2,2,2,3,3,3,2,1,3,1,0,FALSE,FALSE
6A9a5ry2Qg,3,3,3,3,4,4,3,3,3,2,3,2,3,4,2,2,2,2,2,2,3,3,3,3,3,4,3,3,3,2,4,3,3,3,2,2,3,3,3,3,4,3,3,3,2,1,3,3,4,3,3,3,2,2,3,1,2,3,1,1,2,3,1,3,3,2,2,3,2,1,3,1,-2,FALSE,FALSE
6bZyQh4wwS,4,1,3,3,3,4,3,3,4,4,1,1,0,1,3,2,1,2,1,4,5,5,3,4,2,3,5,2,4,2,3,5,1,2,2,1,0,1,3,2,2,1,3,3,3,3,5,2,2,3,4,3,2,1,1,5,3,3,1,1,1,1,3,0,3,1,3,4,0,4,1,2,-2,FALSE,FALSE
6CR0JBmqPm,2,3,2,3,2,3,3,3,3,3,1,1,3,3,1,3,2,3,1,3,4,3,3,3,2,3,3,3,3,3,3,3,1,2,2,1,1,1,2,2,1,2,1,1,1,2,3,2,2,1,3,1,1,0,0,2,0,0,0,0,1,0,0,0,0,1,1,1,1,2,1,1,-2,FALSE,FALSE
6ILe2qG7co,1,2,1,2,1,3,1,4,2,1,2,1,3,4,1,2,1,2,1,2,3,4,3,4,1,4,4,4,4,0,1,4,1,2,1,0,1,2,3,3,1,3,1,1,1,3,5,1,3,3,4,3,2,2,1,3,1,1,1,1,1,2,1,1,3,1,1,1,1,0,3,2,0,FALSE,FALSE
6PE8whHsh2,3,3,3,2,3,3,2,3,3,3,3,3,3,3,3,3,2,3,3,3,3,3,2,3,3,3,3,3,3,2,3,3,3,2,3,3,3,3,2,2,2,3,3,3,2,2,4,3,2,3,5,3,3,3,3,3,3,3,2,3,3,3,3,3,3,1,1,1,2,3,0,NA,-2,FALSE,FALSE
6x73x6A7PB,2,1,2,4,0,0,0,0,3,1,0,4,0,4,0,0,1,0,0,2,0,0,2,2,0,0,1,1,0,0,2,0,4,5,0,0,3,2,0,5,4,5,0,0,0,4,0,0,1,0,5,0,1,5,3,1,3,4,2,2,4,5,3,3,4,0,0,1,3,2,3,NA,1.5,FALSE,FALSE
6Xy3M9PQhf,2,2,2,2,2,2,2,3,2,2,2,2,3,3,2,2,1,2,2,2,3,3,3,2,1,2,2,3,0,2,2,1,1,1,1,1,1,1,2,2,3,2,2,1,2,3,2,1,2,2,3,0,2,2,2,2,2,3,2,2,2,2,1,1,2,1,1,1,1,1,1,2,-2,FALSE,FALSE
75akBZ2cCk,2,3,2,2,2,2,2,3,2,2,3,3,2,2,3,3,2,3,3,2,3,3,3,3,3,3,3,3,3,3,2,3,2,2,2,1,2,2,2,2,3,3,3,2,2,2,3,2,2,2,3,2,2,1,2,3,1,1,1,1,1,4,2,1,1,2,2,3,2,2,3,2,1,FALSE,FALSE
7C64sA56mR,3,3,3,4,0,1,1,3,1,2,1,2,2,3,1,3,2,1,1,1,4,4,4,3,0,3,1,2,2,0,1,1,2,1,1,1,1,1,2,1,0,0,0,1,2,2,5,0,3,2,5,0,2,4,4,5,4,4,4,3,4,4,4,4,4,1,2,3,2,1,2,2,1.5,FALSE,FALSE
7DI6uVykBg,3,3,3,3,2,2,2,3,3,3,2,2,2,3,3,3,3,2,2,2,3,4,3,3,3,3,3,4,4,2,2,3,2,1,1,1,2,2,1,2,3,2,3,3,1,2,4,2,2,3,5,2,2,3,3,4,3,3,4,1,3,2,4,2,3,3,3,3,3,0,2,1,0.5,FALSE,FALSE
7eOT5lZQEB,4,3,4,3,1,4,3,4,3,3,3,3,3,4,1,2,3,1,2,2,3,5,5,5,4,5,4,4,3,1,3,4,3,3,1,2,1,4,4,4,3,0,1,3,3,1,5,1,4,3,5,3,4,4,4,4,3,3,3,4,3,3,3,4,4,3,2,2,1,3,3,2,-1,FALSE,FALSE
7f2oQb1aUo,3,3,2,2,3,3,3,3,3,3,3,3,3,3,3,3,2,3,3,3,3,3,2,3,3,3,3,3,3,2,3,3,3,2,3,3,3,3,2,2,2,3,3,3,3,2,3,3,3,3,2,3,2,3,3,3,3,3,2,3,3,3,3,3,3,2,2,2,2,2,2,NA,-2,FALSE,FALSE
7GgkewMfFt,3,3,3,3,5,4,2,4,3,4,3,3,4,4,3,3,1,2,3,3,5,4,4,4,5,4,3,4,2,1,5,3,3,2,1,1,4,3,2,2,2,3,3,0,0,2,4,4,4,2,3,2,3,4,4,4,4,4,4,4,4,4,4,4,4,3,3,3,3,1,3,2,1.5,TRUE,TRUE
7HhfKTqNrj,5,5,0,0,5,5,5,5,5,5,1,5,5,5,5,5,0,0,5,5,5,5,5,3,5,5,5,5,5,0,5,5,2,0,0,0,0,5,0,0,0,0,0,5,0,0,5,2,5,0,5,0,0,5,5,5,5,5,5,5,5,5,5,5,5,1,1,1,1,0,4,2,-0.5,FALSE,FALSE
7j3AIaEFRm,3,2,2,2,2,3,3,3,3,3,3,3,4,5,3,3,2,2,3,2,5,4,4,4,5,4,4,4,4,2,2,4,4,4,1,2,3,3,3,4,3,4,3,3,3,2,4,2,4,3,4,4,3,3,1,1,1,1,1,1,1,1,1,1,1,1,2,1,1,1,1,1,-2,FALSE,FALSE
7LHU43cOcV,0,0,2,0,0,3,0,0,1,1,1,0,0,3,1,0,2,2,0,0,5,4,4,4,3,3,2,2,1,2,1,1,0,0,0,0,0,0,1,0,0,0,0,0,0,5,0,0,2,1,0,0,0,3,4,3,4,3,3,3,0,0,4,1,3,3,3,3,3,1,3,NA,0,FALSE,FALSE
7td08uSsjV,4,4,4,4,4,4,4,4,4,3,4,4,4,4,3,4,1,1,3,3,4,4,5,3,5,3,4,4,3,2,4,4,4,2,2,2,4,3,2,2,3,4,3,4,4,1,5,4,3,4,5,3,3,4,3,4,3,3,5,3,3,4,3,3,3,2,3,2,2,4,2,5,3,FALSE,FALSE
7UIn26fTXL,3,3,3,3,1,4,4,3,3,3,3,3,2,4,2,3,1,3,2,3,4,4,3,4,4,4,5,3,4,2,1,3,4,1,1,3,3,2,3,2,1,4,4,2,2,1,4,2,4,4,3,3,3,4,4,4,4,4,3,4,4,2,4,3,4,1,1,1,3,1,1,NA,-2,FALSE,FALSE
7vt1HW09Ls,4,3,3,3,3,4,3,4,4,3,2,2,3,4,2,1,2,2,2,2,5,4,4,4,2,4,4,4,3,3,4,3,3,3,1,2,3,3,3,3,2,2,3,2,1,2,3,2,3,3,3,3,3,1,1,4,2,2,1,1,2,2,1,2,2,3,3,3,2,4,3,NA,1.5,FALSE,FALSE
84DjHfSbZ8,4,4,4,3,4,4,4,4,4,4,4,4,4,5,4,4,1,3,4,4,5,5,5,4,4,4,5,4,4,2,4,4,4,2,3,3,3,4,4,2,2,3,4,4,4,2,5,4,4,4,5,4,4,3,3,2,3,3,3,3,3,3,3,3,3,0,0,0,0,4,0,1,0,FALSE,FALSE
8GZ2r4wnDi,3,4,2,3,1,3,2,2,3,2,2,2,3,3,1,2,1,1,1,3,5,4,4,4,4,5,2,3,5,1,2,4,3,4,2,1,3,2,2,2,3,4,3,2,1,2,4,1,3,2,4,2,2,3,3,0,1,3,1,1,3,1,1,3,3,2,3,3,3,3,4,NA,1.5,FALSE,FALSE
8jPrxjJBbG,3,3,4,3,3,4,3,3,2,3,3,2,2,5,3,1,1,2,2,3,3,3,4,2,4,4,3,3,4,3,2,3,3,1,2,2,3,2,2,1,2,2,3,1,2,2,3,1,2,1,3,1,2,3,2,3,3,3,3,3,3,2,3,3,2,3,2,1,3,1,2,1,-2,FALSE,FALSE
8mQ67yVVHV,3,3,2,2,3,3,2,2,3,2,5,0,0,2,1,4,0,4,3,3,4,2,3,4,1,3,3,4,5,2,2,4,1,3,3,3,4,4,1,4,1,0,2,4,2,4,4,3,3,3,2,2,3,2,1,1,3,1,2,4,3,4,3,1,3,3,1,3,1,3,2,1,3,FALSE,FALSE
8zGxt9GFrV,4,1,4,3,1,4,4,4,3,5,4,4,0,4,1,1,1,1,2,4,5,5,4,4,4,4,1,4,3,2,1,4,2,1,0,1,3,4,1,4,1,4,2,3,4,1,4,1,3,2,4,3,3,3,1,4,2,3,2,0,3,0,3,2,1,3,3,3,3,3,3,1,-2,FALSE,FALSE
93gAEKkygE,3,4,4,4,1,4,3,1,2,3,3,4,2,1,2,2,0,3,2,3,2,1,3,1,2,1,1,2,1,4,1,2,2,3,2,2,2,2,2,4,3,1,4,4,2,2,3,3,1,3,1,1,3,1,4,1,1,1,3,2,1,2,1,4,1,0,0,0,1,2,1,3,0.5,TRUE,FALSE
97CkjDc1VC,3,3,1,3,3,3,2,3,2,3,3,2,2,3,3,2,3,3,2,3,3,3,3,2,2,2,3,3,3,3,2,2,3,3,2,3,2,2,0,2,2,2,3,2,3,5,2,3,1,1,2,2,4,2,2,2,2,1,4,3,1,3,3,3,2,2,2,3,2,3,3,NA,-2,FALSE,FALSE
9JMVlzTjPj,3,3,4,3,4,3,2,1,2,2,2,3,3,5,2,2,1,1,2,1,5,3,4,3,3,4,3,2,3,2,5,3,2,3,1,0,3,2,3,3,3,4,2,2,2,1,5,3,3,3,4,2,3,3,3,4,3,3,3,3,3,3,1,3,3,1,1,1,1,1,2,1,-0.5,FALSE,FALSE
9mhyQBSpBH,3,3,2,2,2,3,2,3,2,2,2,2,3,3,2,2,2,3,4,3,2,2,2,2,2,3,3,2,3,3,3,3,3,2,4,2,2,3,2,2,3,2,2,3,3,3,3,3,2,2,3,2,3,3,2,3,3,4,3,3,3,3,2,4,3,2,2,2,1,1,2,1,-2,FALSE,FALSE
9mPIK2zsgc,3,1,4,4,1,4,4,4,4,1,3,1,4,5,1,2,2,1,1,3,5,5,4,1,4,4,5,4,4,1,1,5,4,4,1,1,4,1,1,3,2,4,3,1,3,1,5,0,3,4,5,1,1,4,2,4,1,3,1,2,4,2,2,2,3,1,1,1,3,3,1,5,1,FALSE,FALSE
9PxMVEgIgX,2,3,2,2,2,4,2,3,1,1,3,3,3,1,2,3,3,4,1,3,3,3,4,4,4,5,3,2,3,3,4,5,3,2,1,3,4,3,4,2,4,3,4,2,4,2,3,2,4,3,2,4,1,4,4,4,4,4,4,3,3,4,4,4,4,2,3,2,1,1,2,1,2.5,FALSE,FALSE
9qAfBaDbG6,3,3,3,3,3,3,3,3,3,3,4,2,3,2,1,1,1,2,1,2,5,5,4,4,5,4,5,4,4,3,3,5,2,2,2,2,2,4,3,1,1,2,4,4,4,2,4,3,4,3,4,4,4,2,2,3,2,2,2,2,2,2,2,3,3,2,3,3,3,3,3,NA,-2,FALSE,FALSE
9qnKRL8wzM,5,5,4,4,1,5,5,5,3,5,5,5,5,5,5,5,0,3,3,5,5,5,5,5,5,5,5,5,5,0,5,5,5,0,5,3,5,5,3,3,3,5,3,4,5,0,5,2,2,5,5,5,3,3,2,2,2,2,0,2,1,2,2,2,2,0,0,0,1,4,3,2,0,FALSE,FALSE
9sPzp5mtke,4,2,4,3,4,5,3,4,4,4,2,4,4,5,3,5,0,2,2,3,5,5,5,3,4,5,4,5,5,4,4,4,3,0,1,3,1,4,4,2,4,1,4,4,3,1,5,4,4,4,5,4,3,4,3,4,3,4,2,4,4,4,2,3,4,2,1,2,0,1,1,3,-2,FALSE,FALSE
9TJEgvJPsi,3,4,4,4,4,3,3,4,3,3,3,3,3,5,1,1,0,1,2,2,5,4,4,3,3,3,4,4,3,3,4,4,3,2,1,2,2,2,3,2,1,0,2,2,3,2,5,4,3,3,5,3,4,3,3,3,3,3,2,2,2,2,2,3,2,3,3,3,3,1,2,3,-2,FALSE,FALSE
a0ZkD0fyb2,5,5,5,3,5,5,5,5,5,3,5,4,5,5,5,5,3,2,5,3,5,5,5,2,5,5,5,5,5,3,5,5,5,5,0,5,5,5,5,5,5,5,5,5,5,4,5,5,5,5,5,5,3,1,2,4,1,2,1,0,2,1,2,1,2,2,2,2,2,0,2,1,3,FALSE,FALSE
a3DFQSxlbN,3,2,4,3,2,2,2,3,3,3,2,1,2,2,1,1,3,0,0,2,4,4,4,2,3,3,2,3,3,1,2,3,2,2,1,1,1,1,2,2,2,2,2,1,2,2,3,2,3,3,3,2,3,4,4,5,4,4,4,3,3,4,3,4,4,2,2,2,2,1,2,NA,-2,FALSE,FALSE
A5ZbSiQdF2,0,2,2,5,0,3,3,3,1,3,0,0,1,5,0,0,1,0,0,0,4,4,4,4,0,3,0,1,1,0,3,3,2,2,3,1,2,1,4,1,2,2,1,2,0,1,4,0,2,0,4,1,1,3,3,3,2,3,4,1,3,3,1,3,4,1,1,3,2,0,1,NA,-2,FALSE,FALSE
Arf8pib9J0,2,2,2,2,2,3,3,3,3,2,2,1,3,2,2,2,2,2,2,2,3,3,3,3,1,3,2,3,2,2,1,1,1,2,1,1,3,2,2,2,2,1,2,3,1,2,3,1,2,3,2,1,2,2,2,2,2,2,2,1,2,2,2,2,2,2,2,2,2,1,3,NA,-2,FALSE,FALSE
aRFd1CjJx3,2,2,2,3,3,2,2,3,3,3,3,2,3,2,3,2,3,3,3,2,2,2,3,2,2,2,2,2,2,3,2,2,2,3,2,2,2,2,3,3,3,2,2,2,3,2,3,2,2,3,3,3,2,2,2,2,2,2,2,2,2,2,2,2,2,2,2,2,2,2,2,NA,-2,FALSE,FALSE
arkqxLwMN0,2,4,1,5,1,3,2,3,3,4,1,1,1,3,0,2,1,0,1,1,3,4,3,2,1,3,4,5,1,3,3,4,1,0,2,2,0,2,2,2,1,1,1,1,0,4,4,2,2,2,3,1,1,5,5,4,4,4,3,1,4,5,2,4,5,1,3,2,3,1,3,2,2,TRUE,TRUE
arL4OuyxJk,2,2,3,2,2,3,2,3,3,2,3,3,2,3,2,3,1,2,2,2,3,3,3,3,2,3,3,3,2,2,2,3,2,2,2,2,2,2,3,2,2,2,3,2,3,3,2,2,3,2,2,3,3,3,2,3,3,1,2,2,2,2,2,2,2,2,2,2,2,3,2,2,0,FALSE,FALSE
AvgzFU3p3P,3,2,3,2,3,3,2,3,1,3,2,2,2,3,1,3,2,2,2,3,5,3,4,3,3,2,1,4,3,2,3,5,2,2,2,2,2,3,3,2,2,2,2,3,2,1,4,3,2,3,3,3,3,3,2,2,3,2,2,2,3,2,2,3,3,2,3,2,3,2,3,3,-2,TRUE,FALSE
aVnbIJrQtt,2,2,3,3,3,3,3,3,3,3,3,3,3,3,3,3,2,3,3,3,3,3,2,2,2,3,2,3,2,3,3,3,3,2,2,3,3,3,2,2,2,3,3,3,3,2,3,3,3,3,2,2,2,3,3,3,3,3,2,3,3,3,3,3,3,2,2,2,2,2,2,NA,-2,FALSE,FALSE
aVwSrNhrwQ,4,3,4,4,3,4,3,4,4,4,1,3,3,5,0,4,0,1,1,4,5,5,5,5,5,5,5,4,5,4,4,4,1,0,1,1,1,3,3,0,0,1,3,3,3,4,4,3,4,4,4,3,3,4,2,3,2,2,1,2,3,3,2,2,4,1,2,1,1,3,3,NA,-2,FALSE,FALSE
aWvqgjh3dY,2,2,3,4,0,2,2,3,3,3,3,3,1,3,2,1,0,2,2,2,3,2,3,2,2,3,3,3,1,1,0,1,2,2,3,2,2,1,1,1,4,3,1,2,1,4,3,1,2,1,4,0,3,1,0,0,2,0,5,0,0,0,1,1,2,2,1,1,1,1,3,NA,-2,FALSE,FALSE
AWxfhpLg8i,1,3,2,4,2,2,1,2,4,0,1,2,1,3,2,3,2,2,1,2,1,1,1,2,2,3,3,2,1,3,3,1,4,3,2,3,1,3,2,3,4,2,2,2,2,3,3,3,4,3,4,2,2,2,3,1,3,1,3,2,1,1,2,2,2,2,2,2,2,1,3,NA,-2,FALSE,TRUE
ax8ccn5nns,3,3,4,5,2,3,4,4,3,4,3,1,5,4,1,3,0,1,1,1,4,4,5,4,3,4,4,5,4,1,3,4,0,0,1,0,0,2,2,0,0,0,1,3,0,3,5,2,4,3,5,3,3,1,3,4,3,3,1,1,4,4,1,4,4,1,1,1,3,3,4,3,3,TRUE,TRUE
aYnNkRNNAq,3,3,3,2,3,3,3,3,3,3,3,3,3,3,3,3,2,3,3,3,3,3,3,3,3,3,3,3,3,2,3,3,2,2,3,2,3,3,2,2,2,2,3,2,3,2,3,3,3,3,3,3,2,3,3,3,3,3,2,3,3,3,3,3,3,3,3,3,3,2,3,NA,-0.5,FALSE,FALSE
b108114pAC,2,2,2,2,1,0,1,3,4,0,2,2,2,4,0,3,0,1,1,1,5,3,4,4,5,1,3,4,3,0,2,3,1,1,1,0,0,2,2,1,1,2,2,1,2,1,4,2,1,3,4,1,1,4,4,4,3,4,3,2,4,4,4,4,4,0,2,2,1,2,1,NA,-2,FALSE,FALSE
b1hVn9hrWJ,3,3,3,3,3,4,4,4,3,4,3,3,2,4,2,3,1,2,2,3,5,5,4,1,4,4,5,4,4,4,3,3,2,1,1,1,2,4,2,1,2,1,3,1,2,2,4,1,3,4,4,2,1,3,3,3,2,3,3,3,3,3,3,3,4,1,1,2,2,1,3,NA,-2,FALSE,FALSE
b6ilR4UDwu,1,0,2,2,0,2,1,0,0,0,1,1,1,1,1,1,2,2,1,2,4,3,3,2,1,0,2,1,2,1,1,0,2,1,1,1,2,2,3,1,1,2,0,0,0,4,2,2,2,1,2,2,2,4,4,4,4,4,3,4,2,4,2,4,4,2,2,2,3,3,2,NA,-2,TRUE,FALSE
B6K2ad0WQk,4,2,4,3,1,4,4,3,3,3,5,4,4,5,4,4,1,4,4,5,5,5,1,4,3,4,5,4,5,2,4,5,4,1,0,5,3,3,4,1,1,4,4,4,2,1,4,1,3,4,3,3,1,4,1,3,1,3,1,1,1,1,1,1,1,1,1,2,1,2,3,1,-2,FALSE,FALSE
bAiiRIiaqY,3,4,4,3,2,4,2,3,3,4,2,2,2,3,2,3,1,2,2,3,3,3,2,3,2,4,2,3,4,2,2,3,2,1,1,2,1,3,1,2,3,3,3,2,2,2,4,2,3,3,4,2,3,3,4,4,4,4,4,3,4,4,3,5,4,2,3,3,3,2,3,1,-2,FALSE,FALSE
bBq5RPgHtb,2,1,2,2,2,3,3,3,3,2,2,2,2,2,2,2,2,2,2,3,3,3,3,3,3,3,3,3,3,3,2,3,1,2,3,1,2,0,2,2,1,2,2,0,0,2,2,0,2,2,2,0,2,3,2,3,3,1,2,1,3,1,2,2,3,1,2,3,3,3,3,1,-2,FALSE,FALSE
beV6gEaPiL,3,3,2,3,2,3,2,3,3,2,2,2,1,3,2,3,3,1,3,3,3,3,3,2,2,3,2,3,3,2,2,3,2,1,2,2,2,2,2,1,1,3,2,2,2,3,3,2,3,3,3,3,2,3,2,3,2,2,3,2,2,2,2,2,2,1,3,3,2,2,2,NA,-2,FALSE,FALSE
bFwa1RFcp7,3,3,4,4,2,2,1,3,2,2,3,2,2,3,2,2,1,0,1,4,4,4,4,2,3,4,2,3,4,2,2,4,2,3,1,0,3,3,2,1,3,3,2,0,2,2,4,2,3,2,5,2,3,5,5,4,4,5,5,4,5,4,4,5,4,1,2,3,1,1,2,2,2,TRUE,TRUE
BgLmwiiaLD,3,3,2,4,3,2,2,3,2,4,3,3,3,4,1,2,1,2,1,2,4,4,4,4,2,3,4,4,3,0,4,3,3,3,4,1,4,3,3,3,3,4,2,2,4,3,5,3,2,3,5,3,2,4,2,2,3,2,2,1,4,3,1,2,3,3,3,3,2,2,3,NA,-2,FALSE,FALSE
BgnswFV8sQ,3,3,3,3,0,3,2,3,3,3,2,2,3,3,2,2,2,2,2,2,3,3,3,3,3,3,3,3,3,2,2,3,2,2,2,2,2,2,2,2,2,2,3,0,2,2,3,2,3,3,3,0,2,2,2,3,2,2,2,2,2,2,2,2,2,1,2,2,2,1,1,NA,-2,FALSE,FALSE
biaRkwRoCl,3,3,5,5,5,5,5,5,3,3,0,3,5,5,3,2,1,0,0,3,5,5,5,4,5,5,5,3,4,3,5,2,3,5,0,0,3,0,3,5,5,5,1,2,3,2,5,3,3,3,5,3,4,0,0,0,2,2,0,0,0,0,0,0,3,0,0,0,2,1,2,1,-2,FALSE,FALSE
biDh5hEcDD,3,2,4,3,3,4,3,3,3,3,1,1,4,3,1,3,3,1,1,0,5,4,5,4,4,4,3,4,5,2,5,5,3,1,1,0,2,4,3,2,3,2,3,2,2,1,4,3,3,2,4,3,3,2,2,4,3,2,1,1,2,2,2,2,2,2,2,2,3,3,2,3,0,FALSE,FALSE
BIEn5vnIsc,4,4,3,1,4,4,4,4,4,3,3,3,3,4,3,3,1,3,4,4,4,4,1,3,3,3,4,4,4,2,4,4,3,2,4,3,3,3,1,1,1,3,4,4,3,2,3,4,3,3,1,3,2,4,4,3,4,3,1,4,3,4,4,3,3,1,3,3,3,1,3,2,-2,FALSE,FALSE
BKKAeKX6i4,3,4,3,3,4,4,3,4,3,2,2,2,3,4,2,2,1,1,2,1,3,3,3,4,4,4,3,4,4,1,4,4,3,3,2,1,3,0,2,3,3,3,2,3,3,2,4,4,4,3,4,4,1,4,2,4,2,3,3,1,4,4,3,1,4,3,3,2,3,1,3,3,-2,FALSE,FALSE
boXH8yMofA,3,2,3,3,2,2,2,4,2,3,2,1,2,4,1,2,3,1,1,2,4,4,4,3,3,2,2,3,3,1,3,3,3,3,2,2,3,2,3,3,3,3,2,2,3,2,3,2,3,2,3,3,3,3,3,3,3,3,3,2,3,2,2,2,3,3,3,3,3,2,3,NA,-2,FALSE,FALSE
BRfezgCZyn,2,3,3,3,2,2,2,2,3,2,3,3,2,2,3,3,0,2,3,1,3,2,3,2,2,1,4,3,2,3,1,2,3,2,3,3,3,3,3,1,1,3,3,2,3,2,3,2,2,2,3,3,2,3,3,3,3,3,3,2,3,3,3,3,4,2,2,2,2,3,2,1,0.5,FALSE,FALSE
bte8e7Z6NJ,2,3,4,3,2,3,3,2,3,1,2,2,3,3,2,2,2,2,2,2,3,3,4,4,3,3,3,5,3,4,3,3,2,2,2,1,2,2,3,2,2,2,3,3,2,2,2,3,4,3,2,3,3,2,1,2,0,0,2,0,1,0,0,0,0,3,2,3,3,3,3,NA,-2,FALSE,FALSE
BUQCbt5bGo,3,4,3,2,3,3,3,3,3,3,3,3,3,3,2,3,3,2,2,3,4,2,4,2,2,3,3,2,2,3,3,3,2,3,3,2,3,3,3,2,3,2,3,3,2,3,3,2,2,2,3,3,0,2,2,2,2,2,3,2,2,2,2,3,3,1,1,1,1,1,2,1,-2,FALSE,FALSE
bWlnaTjiC1,2,2,2,2,2,2,2,3,2,1,3,3,2,3,3,3,2,2,2,3,3,3,3,4,3,3,3,2,3,2,3,3,1,2,1,1,1,2,2,2,2,2,2,2,1,3,2,1,2,1,2,0,2,2,1,1,0,0,1,2,2,1,3,1,1,0,0,0,0,1,1,NA,-2,FALSE,FALSE
ByQbgttny5,4,4,1,3,3,2,0,2,2,3,1,2,2,4,2,3,1,2,2,4,5,5,4,4,4,4,4,4,4,2,3,4,2,0,2,0,2,3,2,1,1,0,4,3,2,1,3,2,2,2,1,2,1,3,3,4,3,3,1,2,3,1,2,3,3,1,2,1,3,1,1,2,0.5,FALSE,FALSE
C1hCP6GdAi,3,3,3,3,3,3,2,3,3,4,2,2,4,3,1,2,1,1,1,2,4,4,4,4,1,4,4,5,4,4,3,4,1,2,1,1,1,3,3,2,2,1,2,2,2,1,5,3,3,4,5,2,3,4,3,4,3,3,3,1,3,3,1,4,5,1,3,1,2,3,2,2,-2,FALSE,FALSE
c6jGks9jiT,2,2,2,2,3,3,2,4,3,2,2,3,4,5,2,2,0,2,2,2,5,5,3,5,3,4,3,3,4,1,4,4,3,2,2,2,3,3,3,0,2,5,0,3,2,0,4,3,3,2,4,3,3,3,2,3,3,2,2,0,2,3,0,2,3,2,2,3,2,3,2,3,-2,FALSE,FALSE
CBUAHmfxT7,2,3,4,3,3,2,3,3,3,3,2,4,3,2,3,4,1,3,2,3,4,3,4,4,4,3,2,2,4,4,3,3,2,2,2,3,3,2,3,2,3,2,3,3,2,5,4,3,4,2,4,4,1,3,4,3,2,3,4,3,4,3,4,3,4,2,3,1,2,2,1,2,0,FALSE,FALSE
CCLLXZmKFX,3,3,2,2,2,4,2,2,3,3,2,3,3,3,2,1,2,2,1,2,4,4,4,4,4,4,4,4,4,3,3,4,3,3,1,2,3,2,3,3,3,3,3,3,2,2,3,2,2,3,3,3,3,2,2,2,2,2,1,2,2,1,2,2,2,3,3,3,3,2,3,1,-2,FALSE,FALSE
cDPkYVL8XK,2,2,3,3,1,2,1,3,3,3,1,2,2,4,1,1,0,1,1,0,3,3,3,3,2,3,4,3,2,2,2,3,1,1,3,1,1,2,2,3,1,2,3,2,3,2,3,1,2,1,3,1,1,3,0,1,0,0,1,0,2,0,0,0,0,0,0,0,0,1,1,NA,-1,FALSE,FALSE
cEhpXuWrOm,2,2,2,1,0,4,2,4,3,0,0,1,0,0,0,0,0,1,0,0,0,0,0,0,0,0,0,2,0,5,0,2,0,0,0,0,0,0,0,0,0,0,0,0,0,3,2,0,2,0,3,0,0,4,3,4,4,4,3,2,4,4,4,4,4,0,0,1,3,0,0,2,-2,FALSE,FALSE
CmgiNuQfyp,2,2,3,4,0,0,3,2,3,3,1,0,3,3,1,0,4,2,1,2,4,3,3,3,2,2,4,4,3,3,0,2,3,2,3,0,2,2,0,3,3,4,2,0,2,4,4,0,2,0,3,0,0,3,3,0,3,3,3,0,5,1,1,3,3,4,4,4,3,3,3,NA,3,FALSE,FALSE
Cnz4M0NWTH,4,3,3,3,5,4,4,3,3,3,3,3,3,3,3,3,0,2,4,2,5,5,5,0,5,4,3,4,4,3,5,4,3,1,0,0,2,2,3,1,1,2,2,3,2,1,5,5,4,3,3,3,3,3,3,4,4,3,4,3,3,3,3,4,4,0,2,1,0,2,1,NA,-2,FALSE,FALSE
cSzTg5LENR,2,2,3,2,2,4,2,3,2,2,2,2,3,3,2,2,2,2,2,3,3,2,3,3,2,3,2,3,2,2,3,3,1,2,1,2,2,1,2,2,2,2,3,3,1,2,3,1,3,3,4,1,2,3,3,3,3,3,3,3,3,3,3,3,3,2,2,2,2,2,3,NA,-2,FALSE,FALSE
ctActo4w67,4,3,4,3,3,3,3,4,3,3,3,4,4,2,3,3,1,1,3,2,5,5,5,5,5,4,5,4,3,5,2,5,4,3,1,1,4,5,3,3,4,2,3,2,3,2,4,1,4,4,4,3,4,4,3,5,3,3,3,3,3,2,3,3,3,1,1,1,1,2,2,3,2.5,FALSE,FALSE
cugy9zkPlK,3,3,4,4,1,4,2,3,4,1,0,0,4,3,0,1,0,0,0,0,4,3,4,3,3,4,4,3,4,2,2,4,0,0,0,0,0,0,0,0,0,3,3,0,0,2,4,0,3,1,4,0,2,4,2,3,4,3,1,1,4,2,1,2,1,0,1,1,1,0,0,NA,-2,FALSE,FALSE
CxRA9dbSiK,4,3,4,3,2,3,2,3,3,4,3,3,3,4,2,2,1,2,2,1,4,4,5,1,4,4,3,3,3,3,2,4,3,0,0,1,3,2,2,1,2,2,1,2,1,2,3,2,3,3,4,3,3,4,3,3,3,3,3,2,3,2,2,3,3,3,2,3,2,1,2,2,-2,FALSE,FALSE
D2SJXznsSG,2,2,2,2,2,2,2,3,3,3,2,2,2,3,3,3,3,2,3,3,3,3,3,3,3,2,3,3,3,2,2,3,1,2,1,1,2,2,2,2,1,2,2,2,2,2,2,1,1,2,2,1,2,2,1,3,1,2,1,1,2,2,1,2,2,2,2,3,1,1,3,NA,0.5,FALSE,FALSE
D49TrgdvWD,2,2,3,2,0,4,3,2,3,5,2,2,2,4,2,1,3,2,1,2,5,3,4,4,3,5,5,5,4,3,1,5,2,1,4,0,2,3,2,2,2,2,3,1,4,0,3,1,5,3,2,2,2,3,1,0,1,1,0,1,2,1,1,1,0,1,2,3,2,3,4,2,1,FALSE,FALSE
D7GV7o71AX,2,2,0,0,0,4,0,2,2,4,0,2,1,5,0,0,0,3,1,3,5,5,3,5,5,2,2,2,2,4,1,2,0,2,0,0,1,0,0,2,0,1,0,1,0,2,5,1,1,1,4,0,0,3,0,4,0,3,1,3,3,3,3,3,4,1,0,0,0,1,0,1,2,FALSE,FALSE
D8oTo54hC9,4,4,4,4,3,4,3,4,4,3,3,2,2,4,3,4,1,2,3,3,4,4,5,2,5,5,5,5,2,2,3,3,4,3,0,1,4,3,2,4,4,3,2,3,2,0,5,3,4,3,5,3,3,3,4,4,3,4,3,2,5,3,4,4,4,0,0,1,1,3,0,3,2,FALSE,FALSE
dBtvDRJJYT,3,3,4,3,2,3,3,3,3,3,2,1,3,4,1,2,5,2,3,3,3,4,4,4,3,4,3,3,3,3,2,3,2,1,0,0,2,3,3,1,1,1,3,1,0,1,5,2,2,3,4,2,1,3,2,3,2,3,3,1,4,3,3,3,3,1,2,3,3,2,1,2,3,FALSE,FALSE
DchEVHY7pA,2,2,3,3,0,2,2,3,3,4,2,2,3,4,1,1,4,0,0,3,4,4,4,5,3,2,3,4,3,3,2,3,1,4,2,1,4,1,3,4,4,4,3,2,2,1,4,2,2,3,4,1,2,3,1,1,3,2,0,0,3,0,2,3,3,1,2,3,3,2,1,2,0,FALSE,FALSE
ddBupPLSv2,2,3,2,3,1,2,2,3,3,3,2,2,1,3,2,1,2,1,1,1,4,3,4,3,2,3,4,4,2,2,2,5,1,2,1,1,2,2,2,2,2,2,3,3,2,1,3,2,3,2,2,2,1,3,2,3,2,3,2,1,2,1,1,1,3,1,1,3,1,3,1,1,-2,FALSE,FALSE
DIxxqD2G2n,4,2,2,2,2,2,4,4,3,3,3,4,4,4,4,4,2,4,3,4,3,3,4,3,2,3,5,4,4,1,4,4,4,2,4,3,3,3,2,0,1,2,3,2,4,2,3,3,4,3,1,2,1,4,4,3,4,3,1,3,4,4,4,5,3,3,3,3,2,1,3,1,-2,FALSE,FALSE
djOWqnY5tw,3,2,1,2,2,4,3,3,3,1,2,2,3,3,2,2,2,0,2,1,5,3,4,4,3,4,5,5,3,3,3,5,3,3,1,1,3,2,2,3,2,3,3,2,2,1,4,1,2,3,4,2,2,5,4,5,3,4,4,4,5,1,3,4,4,1,3,3,3,2,3,1,0.5,FALSE,FALSE
dmMiu2KO7e,5,1,5,1,3,4,5,4,4,4,5,3,5,5,5,2,2,1,5,2,5,5,5,1,4,5,4,4,5,4,4,5,4,3,0,1,4,4,5,4,4,5,4,4,3,0,5,4,4,5,5,3,1,5,4,4,5,5,4,4,5,4,1,5,4,3,2,2,4,3,4,3,2,FALSE,FALSE
dWW5OFeDvC,2,0,4,4,1,3,4,1,2,1,1,2,2,3,2,3,1,1,3,1,2,2,4,2,2,1,2,2,3,4,2,1,2,4,2,2,1,1,4,2,3,3,4,2,2,4,1,1,2,1,3,3,3,3,3,4,1,3,3,2,4,4,2,3,1,3,3,3,3,3,3,NA,-2,FALSE,FALSE
dyTvYdCDJ8,3,2,4,2,2,3,3,3,3,3,2,3,3,4,2,3,2,2,2,2,3,4,4,3,3,2,4,3,3,2,3,3,3,2,1,1,3,3,3,1,3,2,3,1,2,2,3,3,2,3,4,2,3,3,2,3,2,3,2,3,3,2,3,3,3,3,2,3,2,3,2,1,2,FALSE,FALSE
dyWCwP0cR4,4,2,4,5,2,3,4,4,3,4,3,4,4,5,1,3,1,1,1,1,5,4,5,4,4,5,4,4,4,2,3,4,3,4,0,1,3,2,3,4,3,3,4,3,1,0,5,2,3,3,4,1,4,4,4,4,4,4,3,4,4,1,1,5,3,1,1,1,1,2,3,3,2,FALSE,FALSE
DYymbGUKy4,1,1,1,2,1,3,1,2,1,2,1,2,2,3,1,1,0,1,1,0,4,2,2,2,3,3,2,1,2,1,3,2,2,2,5,0,2,1,1,2,2,2,2,0,0,1,2,1,3,1,1,0,1,3,1,2,3,1,1,0,3,1,0,2,3,3,2,3,2,1,2,NA,-1,FALSE,FALSE
Dz8Be0cKg9,3,3,3,3,3,2,3,2,2,3,3,3,2,3,2,2,2,2,2,2,2,2,3,2,2,2,2,2,2,2,2,2,2,2,3,2,2,2,2,2,3,2,2,2,2,3,3,2,3,2,3,2,2,3,3,2,3,3,3,3,2,3,2,3,3,0,2,1,3,0,3,3,-2,TRUE,FALSE
E1JG5cwnGL,1,1,1,4,0,2,0,1,2,2,1,2,1,3,2,1,1,4,1,1,1,1,2,1,1,1,4,3,3,2,0,2,1,1,1,1,1,1,1,1,1,1,0,0,0,2,2,0,1,1,2,2,1,2,1,4,1,4,1,2,4,1,2,4,3,2,2,1,3,1,2,NA,-2,FALSE,FALSE
E2ms2EqAFX,2,2,3,3,3,3,0,3,0,3,3,3,4,5,3,4,0,3,3,3,5,5,3,5,3,5,3,3,5,3,5,3,0,0,0,0,0,1,2,1,0,0,1,2,1,0,5,3,3,2,5,1,3,5,3,5,3,4,3,3,5,4,4,5,5,0,1,1,1,2,2,2,-2,FALSE,FALSE
EckZFtOsNt,0,4,1,1,4,4,0,0,4,4,3,1,1,2,2,3,3,1,2,2,3,3,0,3,2,3,4,3,3,0,3,3,1,4,1,1,1,1,4,3,4,1,0,0,0,5,5,4,0,0,5,0,5,2,2,2,3,4,4,3,4,2,2,1,3,2,2,2,2,2,2,NA,0,FALSE,FALSE
EdCzjyLprn,3,3,4,3,3,3,2,3,3,3,1,1,3,4,1,1,1,0,0,0,3,4,5,3,3,3,4,4,3,3,3,3,3,1,0,0,0,3,2,2,1,2,3,3,2,2,4,3,3,3,4,1,2,4,3,4,3,3,3,3,4,4,3,3,4,1,2,2,1,2,3,1,0.5,FALSE,FALSE
edfP6uPquS,5,4,4,0,2,4,4,4,5,4,4,4,4,5,3,3,1,4,4,3,4,3,5,3,4,4,5,5,3,1,2,5,1,4,1,1,2,4,3,4,3,4,5,4,4,1,4,1,4,4,5,4,1,3,3,3,3,4,3,4,4,1,4,2,4,4,4,4,4,4,4,2,0.5,FALSE,FALSE
EeNnBIJDlo,3,2,3,4,2,3,2,3,2,2,1,2,1,1,2,2,4,1,1,2,0,1,4,0,1,0,1,0,1,5,0,1,1,4,0,1,2,2,4,4,4,1,3,2,0,3,0,2,0,2,4,3,3,0,0,1,1,0,5,1,1,1,1,1,0,3,3,3,3,2,2,4,0,FALSE,FALSE
EfDb76QSWJ,2,1,4,2,1,4,3,1,2,3,1,2,1,3,1,4,1,4,1,1,4,4,4,3,4,4,4,4,4,4,1,1,1,1,2,1,3,3,2,2,2,3,1,2,1,1,4,1,3,1,4,1,2,1,2,4,2,2,1,1,1,3,2,1,1,1,3,1,1,0,2,1,-2,FALSE,FALSE
EhekF0aOMg,3,4,4,3,3,4,3,3,4,2,3,3,4,4,4,3,2,4,3,4,4,4,4,4,3,4,3,3,3,1,3,3,2,3,2,1,3,3,2,3,2,4,3,2,2,1,3,2,4,3,4,2,2,2,1,2,1,2,1,2,3,1,1,1,3,2,2,2,3,3,2,3,-2,FALSE,FALSE
El5WhPcmov,3,2,3,3,1,3,2,4,3,4,2,2,2,4,2,4,0,1,2,2,4,4,5,2,5,4,4,3,4,3,3,4,2,2,2,1,2,2,3,2,3,2,3,2,1,0,5,3,3,2,5,3,0,4,3,3,4,4,4,4,4,4,4,4,4,1,2,2,1,1,3,3,0,FALSE,FALSE
EnW2W5CbGV,2,2,1,1,2,3,2,3,3,2,2,2,2,2,2,3,2,2,2,3,3,3,3,3,3,3,3,3,3,2,2,1,2,2,2,2,2,2,2,1,2,3,3,2,2,3,3,2,2,3,3,2,2,1,1,2,1,2,1,2,3,2,1,3,1,1,1,1,2,3,2,1,-1,FALSE,FALSE
eOUVf60lrb,3,3,4,1,2,3,3,3,3,4,1,3,3,1,1,2,3,2,2,1,5,3,4,3,4,2,2,2,3,2,2,3,2,2,2,1,3,2,3,3,2,2,1,3,2,3,4,2,2,1,4,4,3,2,1,1,2,2,1,1,1,1,2,1,2,3,3,3,3,3,2,1,0.5,FALSE,FALSE
eoZXILVYyf,4,3,3,3,3,4,2,4,4,3,3,3,3,3,3,2,2,2,2,2,4,4,4,1,3,4,4,5,3,3,4,4,2,3,1,2,2,3,1,3,3,3,2,2,2,2,4,3,3,3,4,3,3,2,2,2,2,2,2,2,3,2,3,1,2,3,3,2,3,3,3,3,2,TRUE,FALSE
EQHaqVFpyk,4,3,3,1,1,5,3,4,1,1,4,2,4,4,4,4,0,3,4,3,5,4,5,3,0,5,5,5,4,5,1,1,3,5,2,4,4,2,1,0,1,5,0,1,3,2,1,2,4,1,1,4,0,3,0,2,3,2,0,1,0,0,0,0,0,0,0,1,1,4,2,3,-2,FALSE,FALSE
Er2eYMpCxb,2,3,3,4,2,4,3,3,3,1,1,1,3,3,0,3,0,0,0,3,4,2,4,2,2,4,3,3,3,2,2,2,1,0,1,1,1,1,1,1,0,5,2,2,2,2,4,2,4,2,4,1,1,4,4,4,4,4,3,2,4,4,3,3,4,2,1,3,3,1,3,4,1.5,TRUE,FALSE
es0gEtNvzp,5,5,0,0,5,5,4,5,5,5,5,4,5,1,5,1,0,5,5,5,4,3,0,3,5,3,5,5,2,3,3,4,5,2,2,1,1,4,1,1,2,3,5,5,0,0,5,5,5,4,5,5,3,4,3,2,5,3,2,5,5,3,2,5,5,4,4,3,3,3,4,1,-2,FALSE,FALSE
ESu2rLYlXB,0,0,3,0,0,1,0,0,0,4,0,0,2,5,0,2,0,0,0,5,5,2,2,0,0,0,1,0,0,1,0,3,0,0,0,0,1,0,1,0,5,0,2,0,0,5,1,0,2,0,0,0,0,4,5,5,5,5,3,0,5,0,5,2,5,2,3,1,4,4,0,4,0.5,FALSE,FALSE
eZQ7yJZtqb,3,2,3,4,1,3,2,3,4,1,2,2,3,4,1,2,3,2,1,2,4,4,5,3,2,0,1,3,4,0,1,3,2,1,1,1,2,1,2,2,2,2,3,1,1,2,4,1,2,3,4,1,1,3,3,3,3,3,4,2,4,3,3,3,4,1,1,1,1,2,2,NA,2,FALSE,FALSE
EZvcwPOLkM,4,4,1,2,5,5,5,3,4,3,4,3,4,5,3,3,1,0,3,3,5,5,5,4,5,4,1,5,4,2,5,5,3,2,0,2,3,4,4,3,3,4,2,4,4,0,5,4,4,5,4,4,3,4,5,5,4,5,4,3,4,4,3,5,4,2,2,3,3,1,2,NA,-2,FALSE,FALSE
f8uMo1yIFt,2,3,2,2,2,2,1,3,3,3,2,3,3,3,3,3,1,3,2,3,3,3,3,3,2,2,3,3,1,1,2,2,1,2,1,1,2,1,1,2,2,2,2,1,2,2,2,1,2,2,1,1,2,4,4,4,4,4,4,2,4,4,4,4,4,1,1,1,1,1,1,4,-2,FALSE,FALSE
fdZFbzEDK7,5,4,5,5,0,5,5,4,4,4,4,4,4,4,4,4,1,2,3,3,5,5,5,0,5,5,5,5,5,0,0,5,3,1,0,0,4,5,5,1,2,4,5,4,0,2,5,0,4,3,5,0,1,4,4,4,3,4,4,4,4,4,4,4,4,3,3,3,3,3,3,1,-2,FALSE,FALSE
FEDIGMfb4g,3,3,3,3,3,3,3,3,3,3,2,3,3,5,2,3,2,2,2,2,5,5,4,4,5,5,5,4,3,3,4,4,2,0,2,2,3,3,3,1,1,2,2,3,3,2,4,3,4,3,3,3,1,4,4,5,3,3,3,2,3,3,3,3,3,0,3,2,1,1,1,4,2,FALSE,FALSE
FfZfBmkvjQ,1,1,2,2,1,2,2,2,2,2,2,2,2,3,2,1,2,2,2,2,3,3,3,2,2,2,3,2,3,2,2,1,1,2,2,2,2,2,2,3,3,3,2,1,2,3,2,2,2,2,1,2,3,3,2,4,4,3,2,2,2,2,3,3,4,1,1,2,1,2,3,NA,-2,FALSE,FALSE
fH8DVJctox,0,3,4,5,3,1,1,2,2,2,0,0,1,3,0,2,1,3,2,0,2,2,3,1,3,0,2,1,3,3,1,1,0,1,1,3,0,0,3,2,2,3,1,2,0,3,3,2,1,1,4,0,5,0,0,1,0,1,0,1,3,0,0,2,1,1,2,1,1,3,3,1,-2,FALSE,FALSE
fJJiOooosa,3,3,4,4,3,3,4,4,4,1,3,2,2,4,1,4,1,0,1,3,4,5,4,4,3,3,4,4,4,3,2,3,4,1,1,1,4,3,3,5,4,4,1,3,1,1,5,3,1,3,5,2,1,3,1,3,1,3,2,1,2,3,3,1,3,1,3,3,2,3,4,2,1.5,FALSE,FALSE
flSqnz4c6n,2,3,2,3,0,3,2,2,2,2,2,1,1,3,2,3,3,1,2,2,3,3,4,3,3,3,3,3,3,2,0,3,1,3,1,1,1,1,2,2,2,3,1,0,0,3,2,0,2,2,2,0,2,2,2,3,2,2,2,1,1,1,2,2,1,1,1,2,1,2,1,1,-2,FALSE,FALSE
Fmdof1u9vP,3,2,2,2,2,2,3,3,3,4,2,2,2,2,2,1,3,3,3,1,4,4,3,2,3,3,2,4,4,3,4,3,2,2,1,1,2,2,3,2,2,2,3,3,3,2,3,2,2,3,3,2,4,3,1,3,3,2,1,1,2,1,1,3,2,2,2,1,2,3,3,3,0.5,FALSE,FALSE
foBYE8ZZmi,3,2,2,3,2,2,2,3,3,3,2,3,2,4,2,3,2,1,2,2,5,5,4,2,4,2,5,5,3,4,3,4,2,2,0,1,2,2,2,1,3,3,2,2,2,2,3,2,2,2,2,2,3,3,3,4,2,4,2,1,3,2,1,2,2,2,1,3,1,2,1,1,0,FALSE,FALSE
FsFEB1Pv0s,4,4,5,5,4,5,4,4,3,3,5,4,5,5,0,0,0,0,2,5,5,5,5,5,5,4,5,2,5,5,5,5,5,2,0,1,4,4,4,1,2,5,2,2,2,2,5,5,4,3,5,4,4,4,4,5,4,4,1,2,4,4,3,4,5,0,1,2,1,3,1,2,1.5,FALSE,FALSE
ftPlOciWWJ,2,5,2,4,2,3,1,4,2,4,1,2,4,2,0,0,0,0,1,0,4,3,4,1,2,2,5,3,0,3,0,2,3,4,0,3,4,2,3,4,4,5,3,3,1,2,4,1,2,4,4,4,0,4,3,4,2,4,3,3,3,2,2,3,4,2,2,2,3,3,3,4,3,FALSE,FALSE
fV4N2zC4mR,3,3,3,4,1,3,1,3,4,3,2,2,3,4,2,1,1,2,2,1,3,4,5,3,2,3,5,5,1,4,2,3,2,1,2,0,2,3,3,1,1,3,3,0,0,1,5,2,2,3,5,0,3,3,2,4,3,3,2,0,4,2,1,3,2,1,1,1,2,3,1,1,-2,FALSE,FALSE
FzAakmSJXY,3,1,3,1,2,2,3,4,3,4,2,3,3,4,2,2,3,1,1,2,5,5,5,4,4,4,4,4,3,4,2,4,4,4,1,2,4,4,3,3,3,3,4,3,2,1,4,2,3,3,4,3,2,2,2,3,2,2,1,2,2,1,1,1,1,1,1,1,1,1,1,1,-2,FALSE,FALSE
fZtGHrlnRg,3,4,3,4,2,5,4,4,3,3,4,4,3,5,3,3,2,1,2,3,5,4,5,4,5,5,4,5,4,4,0,5,1,1,4,1,2,3,3,2,2,1,3,3,4,1,4,2,5,3,1,4,4,3,3,4,3,3,3,2,3,3,2,2,2,1,2,3,1,1,2,NA,-2,FALSE,FALSE
g3R5aiT3sz,2,2,2,2,2,2,2,2,2,2,2,2,2,3,2,2,2,3,2,2,2,2,2,3,2,2,2,2,2,2,2,2,2,2,2,2,2,2,2,2,2,2,2,2,2,3,2,2,2,2,2,2,3,3,2,3,2,3,2,3,2,2,2,2,2,2,3,3,3,3,3,NA,-2,FALSE,FALSE
G70zNZZCwQ,4,3,2,2,1,4,3,3,3,3,4,4,4,4,4,4,2,4,4,4,4,4,2,3,4,4,4,4,4,1,4,3,1,2,3,1,3,3,2,2,4,3,3,3,3,2,3,3,3,3,4,3,2,3,3,3,3,3,2,3,3,3,3,3,3,2,1,3,1,3,2,2,0,FALSE,FALSE
G9UygPe2hT,2,3,2,4,4,2,3,2,3,3,3,4,4,5,1,3,1,1,1,2,5,5,5,4,5,5,4,4,5,4,5,5,4,4,0,2,4,3,4,4,2,5,4,4,3,2,4,4,4,4,5,4,4,2,3,4,3,4,4,2,3,2,2,3,3,1,2,3,2,3,3,1,0.5,FALSE,FALSE
GA7MRqIKsH,2,2,2,2,2,2,2,2,3,3,2,2,2,3,2,3,2,1,1,2,3,3,3,3,3,2,2,3,3,2,1,2,2,2,1,1,1,2,2,2,3,2,2,1,2,2,3,2,2,2,3,1,2,3,3,3,3,3,3,2,3,2,2,2,3,2,2,3,2,1,3,NA,-2,FALSE,FALSE
GAyJnq0f19,3,3,3,3,2,3,4,4,3,3,3,3,4,4,3,3,2,1,2,3,4,5,4,3,3,4,4,4,4,3,3,4,3,3,3,2,3,3,3,3,3,3,3,2,2,1,5,2,3,3,4,3,2,3,3,3,3,3,3,2,4,2,3,2,3,3,3,3,2,2,3,1,3,FALSE,FALSE
GAYofWzaql,2,3,2,3,1,3,1,2,3,2,3,4,3,3,2,2,2,3,2,3,2,2,1,2,2,2,1,3,2,1,1,3,1,2,1,1,1,2,1,2,2,1,2,1,2,2,2,0,2,1,1,1,1,2,2,2,2,2,1,2,2,2,2,2,2,1,3,3,1,2,3,NA,-2,FALSE,FALSE
gE9hPWgAs7,1,2,2,3,3,4,3,2,2,4,3,3,2,3,1,3,2,4,3,2,4,3,4,2,3,4,4,3,2,3,3,3,2,3,2,4,3,3,3,2,1,2,2,2,3,2,2,3,2,2,4,2,1,3,4,4,3,4,4,3,1,3,4,2,3,1,1,2,2,4,1,NA,0,FALSE,FALSE
GG8EUisetL,4,4,3,4,3,3,2,4,4,4,3,4,4,5,3,3,2,2,4,4,5,5,5,4,4,3,5,4,3,3,3,3,2,2,1,2,2,3,3,2,2,3,3,2,3,1,5,4,4,4,5,2,4,4,3,4,3,4,4,3,4,3,3,3,4,3,3,2,2,2,3,1,-2,FALSE,FALSE
gGRvjlES0A,2,3,3,3,2,3,3,3,3,3,3,2,3,3,2,3,2,2,2,2,3,3,3,3,2,3,3,3,3,2,3,3,2,1,2,2,2,2,3,2,2,2,2,2,2,2,2,2,2,3,2,2,2,3,2,3,2,2,3,2,2,3,3,2,3,2,3,3,2,3,3,1,-2,FALSE,FALSE
gHRNg65f44,4,3,4,3,3,1,3,3,4,2,3,2,3,3,3,2,2,1,1,3,4,5,5,3,3,5,4,4,4,3,3,4,3,2,0,2,3,3,4,4,3,3,3,4,3,2,4,3,3,2,4,2,3,3,2,3,2,3,4,3,4,3,3,2,3,3,3,1,1,3,3,3,3,FALSE,FALSE
gLotlhxoAG,3,3,3,3,4,3,3,3,2,2,3,2,4,4,2,3,4,1,1,4,4,3,4,4,4,3,3,3,4,2,4,3,4,4,2,1,4,3,2,4,4,4,3,1,3,2,4,4,3,2,4,3,3,3,2,1,1,3,1,1,4,1,2,1,3,1,1,1,2,1,1,NA,-2,FALSE,FALSE
GlzbQxzV8E,2,2,3,4,2,2,2,2,2,2,2,2,3,3,2,1,1,1,1,2,4,4,3,3,3,3,4,4,3,2,2,4,3,3,3,2,3,2,4,4,3,3,2,3,2,2,3,2,2,2,3,2,2,3,2,3,2,2,2,2,2,3,1,2,2,2,3,1,1,1,1,2,-2,FALSE,FALSE
gmTIVFdAeV,4,3,4,4,4,4,5,3,3,3,3,4,4,3,4,5,0,1,4,3,4,4,4,3,3,4,5,4,3,3,4,3,3,3,4,2,3,3,3,3,4,3,1,2,2,1,4,4,2,3,4,2,3,3,3,1,3,3,2,2,2,2,1,3,3,0,1,1,2,2,3,2,0.5,FALSE,FALSE
gnuwykPiGA,3,3,3,3,3,3,3,3,3,3,3,3,3,3,3,3,1,2,3,3,4,4,3,3,4,3,3,3,3,2,3,3,3,2,2,2,3,3,2,3,2,2,1,2,2,1,4,3,3,2,3,2,1,3,3,3,3,3,3,3,3,3,2,2,3,3,2,3,2,3,2,NA,-2,FALSE,FALSE
gS3t89rW4v,3,3,2,2,3,3,3,3,3,3,3,3,3,3,3,3,2,3,3,3,3,3,2,3,3,3,3,3,3,2,2,3,3,2,3,2,2,3,2,2,2,3,3,3,3,2,3,3,3,3,3,3,2,3,3,3,3,2,2,3,3,3,3,2,3,2,2,2,2,2,2,NA,-0.5,FALSE,FALSE
Gsj3igkga6,2,2,2,3,3,2,2,3,2,2,2,1,2,3,2,2,0,2,2,2,3,3,3,2,3,3,2,2,3,2,3,2,2,1,2,2,2,2,4,2,2,3,3,2,2,2,5,2,3,3,5,2,1,2,1,2,1,1,1,2,2,2,1,1,2,1,1,1,1,0,2,3,-2,FALSE,FALSE
GuO0GwvmJN,4,4,1,1,4,4,4,4,4,4,4,4,4,4,4,4,1,4,4,4,4,4,1,4,4,4,4,4,4,1,4,4,4,1,4,4,4,4,1,1,1,4,4,4,4,1,4,4,4,4,1,4,1,4,4,4,4,4,1,4,4,4,4,4,4,1,1,1,1,2,2,1,-2,FALSE,FALSE
gVHUxt5y74,3,4,2,2,4,3,4,3,4,3,4,2,2,2,2,2,1,4,2,2,4,3,1,3,4,3,3,4,3,2,3,4,1,2,3,1,4,4,1,4,4,1,2,2,3,3,4,2,2,2,3,4,3,1,0,0,0,3,2,0,0,0,3,1,1,0,0,0,0,1,0,NA,-2,FALSE,FALSE
gYGut8i9gw,4,4,4,4,3,4,4,4,3,4,3,3,2,4,2,3,2,2,2,3,4,4,4,4,4,4,4,4,4,4,4,4,3,1,1,2,1,3,2,1,1,4,1,1,3,2,4,3,2,4,4,3,3,4,4,2,4,4,4,4,4,4,4,4,4,3,3,3,3,3,3,1,-2,TRUE,FALSE
GYlJuh1QLU,3,3,3,4,3,3,3,4,4,3,1,1,3,0,2,3,0,1,2,0,5,5,5,4,4,5,5,5,5,3,4,3,3,2,1,1,3,4,3,2,5,2,4,2,2,0,5,3,3,4,5,3,3,3,3,4,3,3,2,0,3,3,0,2,3,3,3,3,3,3,3,3,2.5,FALSE,FALSE
H4r1N0pVZB,2,2,2,2,2,3,3,3,1,3,2,3,2,3,3,1,3,2,2,2,3,3,3,3,3,3,3,2,2,2,2,2,2,1,3,2,1,2,2,3,3,5,2,0,2,3,2,0,0,0,2,2,5,2,1,1,4,2,3,2,4,2,1,2,1,2,2,2,2,2,2,1,-2,TRUE,FALSE
H8ydzn5vQy,4,3,1,3,4,4,4,4,4,4,2,2,4,5,3,3,1,2,2,4,4,4,4,4,2,4,4,2,2,4,4,4,4,2,2,4,4,4,3,4,4,4,2,3,2,1,5,4,2,4,5,2,3,2,2,0,2,2,1,2,2,1,2,2,2,1,1,2,2,3,1,2,-2,FALSE,FALSE
HcGwdcceyL,2,3,3,2,1,3,2,2,3,2,4,3,4,4,2,1,2,2,2,2,4,4,3,3,4,4,3,4,3,4,1,3,3,2,3,3,3,3,2,3,2,3,2,1,3,2,3,2,3,3,3,3,3,3,1,2,2,2,2,2,2,2,2,2,3,3,3,3,3,2,3,1,-2,FALSE,FALSE
hKjljHLfKv,3,3,2,2,3,3,3,3,3,3,3,3,3,3,3,3,2,3,3,3,3,3,3,3,3,3,3,3,3,2,3,3,2,2,0,0,2,3,2,2,0,2,3,3,3,3,2,2,3,2,0,3,1,2,1,4,1,1,1,1,1,1,1,1,1,0,0,0,0,0,0,NA,-2,FALSE,FALSE
Hm7LqxLE62,2,3,2,2,2,2,2,3,3,2,2,2,3,3,2,3,1,3,2,3,3,3,2,2,3,3,3,3,2,3,2,2,2,1,0,2,1,2,1,1,2,2,3,2,1,2,4,2,2,2,4,2,2,3,3,3,3,3,2,2,3,2,3,3,3,0,0,2,0,2,0,1,-2,FALSE,FALSE
HNGwMYA8Oa,1,2,4,4,2,4,4,4,4,3,3,3,4,4,1,3,1,1,1,3,4,4,5,4,4,4,4,4,5,1,1,4,5,4,2,2,5,4,4,3,4,3,2,4,2,4,4,2,4,3,3,2,3,3,3,4,3,4,2,3,3,3,3,4,3,1,1,3,1,3,2,1,-2,FALSE,FALSE
hsfuvPceeG,3,2,2,3,2,3,3,3,3,3,3,3,3,4,3,3,1,2,3,2,4,4,3,4,4,3,2,4,4,2,4,3,3,3,2,3,3,3,3,3,3,3,3,2,3,2,3,3,3,3,3,3,3,3,3,3,3,3,3,3,3,3,2,3,3,1,2,2,3,2,3,3,-2,FALSE,FALSE
HsQn15YtL9,2,1,1,2,4,4,0,1,3,2,2,1,3,4,1,1,4,1,0,2,3,3,2,2,0,3,2,4,2,2,5,1,1,0,0,1,0,0,1,0,0,1,3,0,4,2,1,4,3,1,1,0,0,4,3,3,1,4,2,3,5,4,4,4,5,1,2,2,1,3,1,2,-2,FALSE,FALSE
HUgv0Y3ft4,5,4,5,4,4,5,4,5,3,3,4,4,5,5,4,4,2,1,1,4,5,5,5,5,4,5,3,5,4,2,4,5,4,3,2,2,4,5,4,3,4,5,4,4,4,4,5,4,4,5,5,4,4,1,1,3,3,1,2,1,3,1,3,1,3,0,1,1,2,0,2,1,0.5,FALSE,FALSE
hVeNXgEvrd,3,3,3,3,2,1,1,3,3,1,2,2,2,4,3,1,1,2,2,2,4,4,4,3,3,4,2,1,1,4,2,3,1,2,1,0,2,2,3,2,1,2,2,0,3,1,2,3,1,2,3,0,2,3,2,5,3,2,1,1,3,1,2,3,3,1,1,2,0,0,3,NA,-2,FALSE,FALSE
hXEkbOdr6x,3,3,3,3,2,3,3,3,3,3,2,2,3,3,2,2,3,2,2,2,3,3,3,3,3,3,4,4,3,3,2,3,2,3,2,1,2,2,2,3,2,2,2,1,2,2,2,1,2,2,2,2,3,3,3,4,3,2,2,2,3,2,3,2,3,3,3,3,2,2,3,3,1,FALSE,FALSE
HyZPG1Cebo,3,3,3,4,3,4,2,3,2,3,3,3,4,4,3,3,0,2,2,3,4,5,4,4,5,4,2,4,4,1,4,4,1,1,2,2,2,3,3,2,1,2,4,2,3,1,4,4,4,2,4,2,3,3,3,4,2,3,3,3,3,3,2,3,4,1,2,2,1,0,3,2,0.5,FALSE,FALSE
I06tmkjCnR,2,1,4,3,1,2,3,3,2,2,3,2,1,1,2,1,3,3,1,2,1,2,3,2,1,1,2,1,1,3,3,3,2,2,1,1,2,2,3,3,4,1,3,1,2,3,3,2,2,2,2,2,4,1,3,1,2,2,4,3,2,2,2,2,1,1,2,3,1,3,2,NA,-2,FALSE,FALSE
I0TgLgpqpa,3,2,3,2,1,4,3,5,4,3,3,4,3,4,2,2,0,1,2,2,5,5,5,5,4,5,2,3,5,1,4,4,3,4,1,2,3,2,3,3,4,3,3,3,2,2,4,2,3,3,3,4,3,2,2,2,2,3,2,3,3,2,2,3,2,3,3,2,2,3,3,2,-2,FALSE,FALSE
i3aMRfQOSq,4,4,4,4,4,4,3,5,3,5,3,3,4,5,2,3,0,2,2,3,4,4,4,4,5,5,3,4,4,4,4,4,2,1,2,1,2,4,3,2,1,1,3,4,5,0,5,4,5,5,3,4,4,4,3,4,4,4,4,4,3,4,4,4,4,1,1,1,3,3,4,3,-2,FALSE,FALSE
i5sfKKHxWN,3,1,4,3,4,4,3,3,3,2,3,2,3,4,1,2,0,1,2,1,5,5,5,4,3,5,3,4,5,1,3,5,4,4,2,2,3,3,4,3,4,3,3,1,3,2,4,3,3,3,4,3,3,2,2,4,2,2,1,2,2,2,2,2,2,2,2,2,2,1,3,1,-2,FALSE,FALSE
i6hZdEUejG,3,3,4,4,2,3,3,3,3,3,2,2,3,3,2,2,3,2,2,2,3,3,4,3,3,3,3,3,3,3,3,3,2,2,1,4,2,1,1,2,2,2,1,1,2,2,4,2,2,3,4,2,2,2,2,2,2,2,3,2,2,2,2,2,2,2,2,2,2,1,2,NA,-2,FALSE,FALSE
iAXONy9s9K,3,2,3,4,2,2,1,3,3,3,3,3,4,5,3,3,0,2,3,3,4,4,2,2,5,4,4,5,2,3,4,3,1,1,1,1,0,2,1,2,1,3,1,2,1,3,3,2,3,3,4,1,1,4,3,3,3,4,4,4,3,3,2,4,3,3,3,3,2,3,3,2,2,FALSE,FALSE
ibxYh4K1oX,3,3,3,3,2,3,3,3,3,3,3,3,3,3,3,3,0,2,3,2,5,5,5,3,5,5,5,5,3,2,2,4,5,0,2,2,5,5,0,0,0,5,3,3,3,2,4,3,3,3,5,2,2,5,3,3,3,3,2,3,3,3,2,3,3,2,2,3,1,1,3,2,0.5,FALSE,FALSE
iEtOLmjjbt,4,4,4,4,4,3,4,4,4,4,2,3,4,4,1,2,1,1,1,3,4,5,4,4,4,4,5,5,5,4,4,4,4,1,1,1,3,3,3,2,2,2,3,2,2,1,4,3,3,4,4,4,3,3,3,3,3,3,2,1,2,2,1,3,2,2,3,2,3,2,3,2,-2,FALSE,FALSE
iHlmoCrWBY,4,4,1,4,3,5,3,4,3,4,3,4,4,5,3,3,1,2,2,3,4,4,4,4,3,4,4,4,1,4,4,4,3,2,1,0,2,4,4,2,2,1,3,3,3,1,4,3,4,3,4,3,4,3,3,3,3,3,1,1,3,2,2,3,3,2,3,3,3,2,3,4,-2,FALSE,FALSE
IiNRdjqv9k,3,2,3,3,3,2,2,1,3,2,3,3,2,1,4,3,3,2,1,2,1,1,3,3,2,2,2,3,2,3,1,3,2,2,2,1,2,2,4,4,2,3,2,2,2,4,2,2,2,3,3,2,3,3,1,2,1,1,3,1,3,2,3,2,3,1,2,1,1,1,2,NA,-2,FALSE,FALSE
ilLlMRc43e,3,3,3,3,2,3,2,3,3,3,3,3,3,4,2,2,1,2,2,2,4,3,3,3,2,3,2,3,2,2,3,3,3,3,2,2,3,2,3,4,3,3,2,2,1,1,4,3,3,3,3,2,4,3,2,3,3,4,3,1,2,2,2,2,3,4,4,3,3,2,3,4,2,FALSE,FALSE
IOsyPugvv6,3,3,3,4,3,2,1,3,3,3,2,3,2,3,2,3,1,2,2,2,3,4,4,3,2,3,4,4,3,4,3,3,3,2,1,1,2,2,2,2,2,2,3,2,1,2,4,3,4,3,4,2,1,2,2,3,4,3,3,2,3,3,2,3,3,1,2,2,1,0,2,2,0,FALSE,FALSE
iOup0E6UGE,3,3,5,2,3,3,3,3,3,3,3,3,3,3,4,3,2,2,2,3,4,4,4,4,4,4,4,4,4,1,4,4,4,3,1,2,4,4,3,3,3,4,4,4,4,1,4,4,4,3,4,3,4,3,2,4,2,3,2,3,3,3,3,2,3,2,2,2,2,4,2,1,-0.5,FALSE,FALSE
irP2VFAUU3,3,4,3,4,0,2,4,3,3,1,3,1,2,5,2,2,3,2,2,2,3,3,3,4,0,1,4,5,5,2,0,4,3,1,0,0,3,3,3,2,3,3,3,4,2,2,4,0,2,3,3,3,2,5,2,1,3,3,3,1,4,3,3,4,4,2,4,3,3,3,4,NA,0,FALSE,FALSE
IU57hQRjrY,2,3,3,5,1,3,2,3,0,3,3,2,3,3,4,3,1,3,3,3,4,4,4,4,4,2,2,0,4,2,2,3,0,0,2,0,2,1,3,0,0,0,0,1,1,2,5,1,3,2,5,2,0,2,2,5,3,2,1,1,2,3,1,2,3,1,1,0,1,0,2,NA,1.5,FALSE,FALSE
iUH69L5w4c,3,3,3,3,2,3,2,2,4,3,2,4,2,3,2,2,1,2,2,1,3,3,3,3,3,3,2,3,4,1,2,3,2,2,1,2,2,2,1,2,3,3,3,2,3,2,3,2,3,3,1,2,2,3,3,3,2,3,2,3,3,3,3,3,3,3,3,3,3,3,3,3,-2,FALSE,FALSE
IvcOmQyR5T,3,3,4,4,1,4,4,3,3,3,3,4,3,3,2,3,1,2,2,1,4,4,5,4,4,4,4,5,1,3,2,4,3,2,0,0,3,3,3,3,3,3,3,3,3,4,4,2,4,3,4,3,4,3,2,3,2,3,2,2,3,2,2,1,2,2,2,2,1,0,2,2,2,FALSE,FALSE
IYAYWHNIQO,2,4,2,3,1,2,3,2,3,0,3,3,2,4,1,3,0,1,3,4,4,3,3,3,2,2,3,4,3,1,1,2,2,1,4,1,1,2,1,1,1,3,3,2,3,0,4,2,2,3,4,1,1,4,3,4,1,3,2,1,4,3,3,1,4,1,1,2,2,3,3,1,-2,FALSE,FALSE
j6vgNGJVvh,4,3,2,2,3,3,3,3,3,2,3,3,2,3,3,3,3,3,2,3,3,3,4,3,3,3,3,3,3,3,3,3,3,2,3,1,3,3,2,2,2,0,3,2,2,2,3,1,2,3,4,3,2,3,3,3,3,3,2,3,2,3,2,3,3,3,2,3,1,1,3,NA,0.5,FALSE,FALSE
jAuLn1O1jG,4,3,4,3,2,4,3,4,5,3,1,0,5,5,0,0,1,1,0,2,3,5,4,5,2,4,4,3,3,0,5,3,1,1,3,3,4,3,4,0,1,0,3,4,3,0,5,3,4,3,5,3,5,4,4,5,4,4,4,5,4,4,1,0,1,1,3,1,3,3,1,2,0,FALSE,FALSE
JAznPlTozq,4,3,3,2,5,3,3,3,3,4,1,3,3,2,2,3,4,0,1,3,4,4,2,4,4,4,4,4,3,0,5,1,3,2,0,0,4,3,2,3,5,2,3,4,0,2,0,5,3,2,1,2,2,4,4,4,4,4,4,2,4,4,4,4,5,0,0,0,0,0,0,1,-2,FALSE,FALSE
JcdQHv1boB,2,2,2,3,2,2,2,3,2,3,0,0,2,0,0,0,0,0,0,0,2,5,3,3,2,2,3,3,3,1,3,2,2,2,0,0,2,2,3,2,2,2,2,3,0,2,5,0,2,3,3,3,5,4,3,3,3,2,2,3,3,3,2,3,5,1,1,1,1,2,1,1,-2,TRUE,FALSE
JCGnLqMlIW,2,2,3,2,2,3,2,3,3,3,2,1,3,3,2,2,1,2,2,2,3,3,4,3,2,3,2,4,3,1,2,3,2,1,1,4,1,2,2,1,2,2,3,2,3,2,4,2,3,3,4,3,3,2,2,3,2,2,2,2,3,2,2,2,2,2,2,2,2,3,2,NA,0.5,FALSE,FALSE
jfKg03gcAX,4,5,5,5,0,4,0,1,5,0,0,0,0,5,0,0,5,0,0,4,5,5,5,5,0,5,1,5,0,0,0,5,5,5,0,0,5,2,0,5,5,5,0,0,5,4,5,5,0,0,5,0,3,4,4,5,5,5,5,0,5,0,0,1,4,0,0,0,0,0,0,1,3,FALSE,FALSE
JkfI2EJjp6,4,1,4,4,3,4,3,3,3,2,2,1,4,5,2,1,0,1,2,2,2,3,5,4,5,5,5,5,3,2,3,2,3,4,0,1,4,4,3,3,4,3,4,3,1,2,5,3,3,3,4,2,2,4,3,2,3,4,0,3,4,3,2,4,5,3,3,3,1,3,2,NA,0,FALSE,TRUE
jkRY3xRFcN,5,4,4,3,5,4,5,5,5,5,2,5,5,5,4,3,0,1,5,5,5,5,4,5,5,5,5,5,5,0,5,5,4,0,5,1,5,4,1,3,1,5,5,5,5,1,5,5,5,5,3,5,4,5,5,5,5,5,4,3,5,4,5,4,5,1,1,2,0,2,3,NA,0.5,FALSE,FALSE
Jmb6ptouY7,4,4,3,3,4,4,3,4,4,3,4,3,4,4,3,4,2,3,2,4,4,4,4,4,4,4,4,4,4,3,4,4,3,3,2,2,4,3,2,3,3,4,4,2,3,3,4,4,4,4,4,4,3,3,3,3,2,3,2,2,2,2,2,2,4,3,3,3,3,3,3,3,-2,FALSE,FALSE
JpE0xvWX5S,2,3,2,3,0,3,3,2,3,3,2,4,2,2,3,4,0,3,1,3,3,0,3,3,1,2,4,4,0,1,1,1,2,1,3,1,2,3,2,2,1,2,3,2,1,0,4,0,3,3,4,0,0,2,3,5,4,3,3,3,2,1,2,3,3,1,1,1,1,3,1,NA,0.5,FALSE,FALSE
jsb9VeKQdr,2,4,2,4,3,4,3,3,2,2,4,3,4,5,4,4,0,2,3,4,5,5,5,5,5,3,5,5,4,3,4,5,4,2,0,1,4,3,2,1,2,3,3,3,1,3,5,1,4,4,5,3,3,4,3,4,4,4,4,3,4,4,3,4,4,1,3,2,3,3,3,3,0,FALSE,FALSE
jUU2NaFI9k,3,2,3,3,2,2,2,4,2,2,3,3,3,5,4,3,1,2,2,2,4,4,4,5,2,3,2,5,5,2,3,3,2,2,4,3,3,3,2,2,3,2,3,2,3,2,3,3,3,2,3,3,2,3,3,3,3,3,3,3,3,3,3,3,4,2,3,3,2,2,3,NA,-2,FALSE,FALSE
jXGRpKtYN0,4,3,3,3,2,3,3,3,3,3,3,3,3,3,3,2,1,2,2,3,3,3,3,3,3,3,3,3,3,2,2,3,2,2,1,2,2,3,3,2,2,2,3,2,3,2,4,2,3,3,4,3,3,3,3,3,3,3,3,2,3,3,3,2,3,3,3,3,3,3,3,NA,2,FALSE,FALSE
JXlKLx5eSi,3,2,3,1,1,4,4,4,3,2,3,2,2,4,2,2,1,1,3,3,4,4,3,3,4,3,4,4,3,1,3,1,2,2,1,1,2,3,2,1,1,2,4,3,3,1,3,2,4,4,3,3,3,3,3,4,2,3,3,2,3,3,3,3,2,3,3,3,3,4,3,2,0.5,FALSE,FALSE
jypdgBacyD,3,2,3,3,2,3,2,3,1,2,3,2,3,3,2,3,1,2,2,2,3,3,3,3,1,2,2,4,3,2,2,3,2,2,1,1,1,2,2,2,2,2,2,0,2,2,3,1,2,2,3,0,3,3,2,4,4,3,3,1,3,3,2,3,3,1,1,3,2,3,1,1,-2,FALSE,FALSE
k86FUDuJ1f,1,4,1,4,1,1,1,1,1,3,2,2,4,4,2,1,1,2,2,2,5,5,4,4,4,3,3,2,2,0,2,4,1,1,2,1,1,1,1,4,1,1,1,1,2,4,0,1,2,4,5,2,1,3,4,4,2,3,3,3,3,3,2,3,3,1,1,1,2,2,3,NA,0,FALSE,FALSE
kbhIFRe0V7,5,4,5,4,4,5,5,4,3,5,5,3,4,5,4,4,2,1,5,4,5,5,5,4,4,5,4,5,3,2,3,5,4,3,1,1,5,5,3,3,4,4,4,3,2,2,5,4,4,3,5,4,4,3,1,2,1,3,1,1,1,1,1,1,4,1,1,3,3,1,2,4,-2,FALSE,FALSE
KiTwcbdmOq,3,3,1,2,3,3,3,3,3,4,4,3,4,3,4,4,2,3,4,4,4,4,2,3,4,4,4,4,5,1,4,4,3,2,1,3,2,3,3,2,3,3,4,4,5,2,5,3,4,3,4,4,0,4,4,4,4,4,5,3,5,4,3,3,3,2,2,2,2,3,1,NA,-1,FALSE,FALSE
kKgE6R5eLb,4,3,4,3,4,4,3,4,3,4,3,3,3,3,2,2,1,1,1,2,4,4,5,3,2,5,4,3,4,1,5,3,4,4,1,2,4,4,4,3,4,4,3,3,3,1,5,4,3,3,4,3,4,3,3,3,1,4,2,3,4,3,3,3,4,1,2,3,3,2,3,2,2,TRUE,FALSE
koFGsWn4c9,2,3,2,3,2,2,1,2,3,2,2,2,3,4,2,3,1,2,2,3,3,2,3,2,3,2,2,3,3,2,2,2,2,2,2,1,2,2,1,1,2,1,2,0,2,2,2,1,2,2,2,0,2,1,1,2,1,1,1,1,2,2,1,2,1,1,2,2,1,3,2,2,-2,FALSE,FALSE
KOkyAkWDNb,3,2,4,2,1,3,3,4,3,4,3,1,3,1,3,1,0,0,1,2,5,5,5,0,5,5,5,5,4,2,3,5,2,1,1,1,2,3,2,1,1,4,4,3,2,0,5,2,3,2,5,2,3,5,3,5,3,5,2,1,3,3,3,3,3,2,3,3,3,4,2,3,0,FALSE,FALSE
Kpc9oqB65a,3,3,4,4,1,3,3,3,2,3,3,3,3,3,2,2,2,1,1,3,5,5,5,5,4,3,4,3,4,5,4,4,3,3,0,1,3,3,3,1,0,4,3,3,1,2,4,1,3,4,4,3,2,3,2,2,4,3,1,1,4,1,1,3,4,1,2,1,1,0,1,2,0.5,FALSE,FALSE
KWqfhZxBVq,4,4,1,4,2,5,3,4,4,4,1,2,2,4,1,2,0,1,1,1,5,5,5,4,2,4,3,3,3,2,2,4,1,2,1,2,1,3,3,1,2,2,4,2,1,1,5,3,4,3,4,3,4,4,4,4,4,4,3,3,4,4,3,4,4,1,1,2,1,2,2,2,0.5,FALSE,FALSE
kzKJAOfIpd,3,3,3,4,2,2,2,3,3,3,3,4,3,4,1,3,1,2,2,2,5,3,4,4,3,3,4,3,3,4,3,3,2,1,2,1,2,3,3,1,1,3,2,3,2,1,4,4,3,3,3,3,2,4,2,3,3,4,0,3,4,4,3,4,3,1,1,2,2,3,2,1,-2,FALSE,FALSE
L1tcDFuujd,3,3,3,3,3,3,3,3,3,4,2,3,3,5,1,3,0,1,2,3,5,3,3,5,5,3,3,4,3,2,3,3,2,2,2,2,2,4,3,2,2,3,3,3,3,2,3,4,4,4,2,3,3,4,3,5,3,3,3,3,5,4,4,5,5,1,2,2,3,1,2,NA,2,FALSE,FALSE
l7G4Q4xS8V,1,1,2,2,1,1,0,2,2,3,2,0,1,2,1,3,3,2,0,3,3,3,3,3,3,2,3,4,2,3,1,1,0,1,0,0,1,1,1,0,1,3,2,2,0,4,3,2,2,2,3,1,2,3,3,4,1,1,1,2,3,3,1,3,3,2,1,2,2,2,1,1,-0.5,FALSE,FALSE
l7PZKhiE3A,3,3,2,2,4,4,1,4,3,3,2,3,3,4,3,3,2,2,3,2,3,4,4,3,1,4,3,3,1,2,3,3,1,1,2,1,1,2,2,1,2,2,2,2,1,0,4,2,4,2,4,1,0,2,1,2,2,2,2,2,1,2,2,2,2,1,2,3,2,2,2,NA,-2,FALSE,FALSE
L8GKeOgD9j,1,2,2,2,2,3,3,3,4,3,3,3,3,2,2,2,2,3,2,3,2,2,2,3,3,1,3,3,3,2,3,3,2,3,1,1,2,3,3,4,2,3,3,4,3,2,3,2,4,1,3,3,2,2,3,3,3,3,3,2,3,2,3,2,2,2,2,2,2,2,2,NA,3,FALSE,FALSE
lbJqaPGrsh,2,3,3,1,1,2,2,3,2,2,2,3,3,2,1,3,2,2,3,2,3,3,3,1,2,2,3,3,2,3,2,3,2,2,2,2,3,2,2,3,2,2,2,2,2,3,4,2,2,3,4,2,1,3,2,3,2,3,1,2,2,1,2,2,4,1,2,3,2,3,2,NA,-2,FALSE,FALSE
lC7NjgZhPE,2,2,3,2,3,3,4,3,1,3,2,2,3,4,2,3,2,3,2,3,3,3,3,2,3,5,4,4,5,3,3,3,3,2,1,1,2,2,2,2,2,3,0,0,1,3,0,2,4,1,0,1,3,2,2,3,3,2,3,3,3,2,2,3,3,2,2,2,2,4,2,1,0.5,FALSE,FALSE
lG2U0lzjgg,3,3,3,2,3,3,3,2,3,3,3,3,3,3,2,2,3,2,2,3,3,2,3,3,3,2,2,2,2,3,2,3,3,2,2,2,3,2,3,3,2,3,3,3,2,2,3,3,3,3,2,2,2,2,3,3,2,2,3,3,3,3,3,3,3,1,2,1,3,2,2,2,-2,FALSE,FALSE
LjlQ4d77MU,3,4,5,4,2,2,4,4,3,4,2,1,4,5,1,3,1,1,1,4,5,5,5,4,5,4,5,5,5,4,2,4,4,2,0,0,2,3,3,2,3,3,4,2,4,1,4,1,4,2,5,3,3,4,3,5,3,4,4,3,4,3,4,4,4,1,1,1,1,2,3,1,0,TRUE,FALSE
llsuSrE1a9,1,2,4,4,2,3,2,4,2,4,3,4,4,4,3,1,1,2,2,3,4,4,2,4,2,4,1,4,4,1,3,4,3,4,3,2,3,3,1,3,1,2,4,1,2,2,4,3,3,2,4,2,2,1,4,4,1,1,1,1,1,1,1,1,1,3,3,3,2,2,3,NA,-2,FALSE,FALSE
LLtBwgD8i4,4,4,3,4,2,5,3,4,5,4,3,1,4,5,1,2,4,0,1,3,5,5,5,5,4,5,3,4,4,2,3,5,3,2,0,2,2,3,3,4,3,2,3,2,2,1,5,3,5,3,5,3,4,3,0,3,2,3,2,0,3,3,0,3,3,1,2,3,3,1,3,NA,2,FALSE,FALSE
lmJQICoStk,3,3,3,3,0,4,2,3,3,3,2,2,2,3,2,2,2,2,2,2,4,4,3,4,2,4,2,2,3,2,3,2,2,4,1,1,2,2,3,3,3,3,2,2,2,3,4,0,5,3,4,3,3,3,3,3,2,3,1,2,3,4,3,3,3,1,1,2,2,3,2,2,0.5,FALSE,FALSE
LMKnnA9PDE,3,3,3,3,3,2,2,3,4,2,3,3,3,4,2,3,3,2,1,1,4,3,4,3,4,3,3,3,4,3,3,4,3,4,1,3,3,1,4,2,2,3,2,2,3,2,4,2,1,3,4,1,1,3,1,2,1,2,2,1,3,1,1,1,3,1,1,1,1,3,1,NA,-2,FALSE,TRUE
LqvNDnJsII,3,3,2,3,1,5,4,4,5,3,4,2,4,4,3,4,0,5,2,4,4,2,4,1,3,4,4,3,1,1,4,4,1,0,4,0,4,5,0,0,0,1,4,4,5,1,5,0,5,4,5,5,3,1,2,4,2,4,1,1,2,4,4,4,4,3,4,4,4,4,2,2,-2,FALSE,FALSE
luMqgVYh7U,3,5,3,2,3,5,4,4,5,3,3,4,4,5,3,4,0,2,2,3,5,5,4,2,3,5,5,4,4,2,4,3,4,0,1,2,3,4,2,1,4,3,4,2,4,1,5,2,5,2,5,1,4,4,5,5,3,5,3,4,5,2,5,5,5,2,1,3,4,3,2,3,1,FALSE,TRUE
m239u1EYWS,3,2,3,3,3,3,3,3,2,2,1,1,3,3,2,3,2,2,2,2,3,3,3,2,3,3,3,4,3,3,3,2,1,3,4,1,3,4,3,3,2,3,3,2,2,2,3,3,3,3,4,3,3,3,2,3,2,3,2,2,2,3,2,3,3,0,0,2,1,2,3,2,2.5,FALSE,FALSE
MGfL1HbPXm,4,3,4,3,2,4,4,4,4,2,2,3,4,3,2,2,1,2,2,2,5,5,4,3,5,4,3,4,5,2,2,4,3,3,2,2,4,4,3,3,3,3,2,4,4,2,5,2,3,4,3,2,3,3,1,1,2,3,1,1,1,1,1,3,2,1,1,3,3,2,3,1,-1,FALSE,TRUE
MJWkid756C,3,3,3,3,1,2,3,3,2,1,2,2,3,3,2,2,3,1,1,1,4,4,3,4,2,3,3,3,4,1,4,4,2,2,2,2,2,2,2,2,3,3,2,2,1,2,4,2,3,3,4,2,3,3,2,1,2,3,1,0,3,2,2,1,3,1,3,3,1,3,2,2,2,FALSE,FALSE
mL9vGWF9OH,3,2,4,4,3,3,2,2,3,4,4,4,3,4,1,1,0,1,1,3,4,3,5,3,5,4,2,4,4,3,3,4,3,3,2,3,4,3,4,2,3,3,4,3,3,2,4,3,3,3,5,3,4,3,3,4,3,3,4,2,3,3,4,3,3,3,3,3,3,1,3,1,-2,FALSE,FALSE
mLYQyZtbMD,2,3,2,3,2,3,2,2,3,3,2,2,2,3,2,2,2,2,2,3,3,3,3,3,3,3,3,3,3,2,2,3,2,2,2,2,2,2,2,2,2,2,3,2,3,3,3,2,3,3,3,2,2,3,3,3,3,3,3,3,3,2,2,3,2,1,2,1,1,2,1,NA,0,FALSE,FALSE
MMghVvwLxv,2,1,4,0,2,3,1,2,0,1,0,4,3,3,2,4,0,4,2,3,4,3,3,5,2,5,3,3,4,2,2,0,1,0,1,1,0,2,0,0,1,1,0,1,0,0,5,1,3,4,4,1,0,2,2,2,2,2,1,2,4,2,2,0,2,0,1,2,3,3,4,2,0.5,FALSE,FALSE
mMvLVvgjht,5,5,0,0,5,5,5,5,5,5,5,5,5,5,4,5,0,5,5,5,5,5,1,5,5,5,5,5,5,0,5,4,5,0,4,5,5,5,0,0,0,5,5,5,5,0,5,5,5,5,0,5,0,5,5,5,5,5,0,5,5,5,5,5,5,2,3,3,2,2,1,NA,1,FALSE,FALSE
MngwEZhwjX,5,4,5,4,2,5,3,4,4,5,4,3,4,5,2,2,0,1,2,5,5,5,5,5,5,4,5,5,5,3,3,5,2,2,0,1,3,3,2,2,2,1,3,2,3,1,5,2,4,4,5,2,1,4,4,3,3,4,4,3,3,3,3,3,5,0,2,2,1,2,2,2,-2,TRUE,FALSE
Mos9HG84GW,2,1,2,2,0,4,3,3,4,2,2,3,2,3,2,3,2,3,3,3,5,3,3,2,2,3,3,4,3,2,0,3,2,1,0,2,2,2,2,1,2,2,3,2,2,3,5,0,1,3,5,2,3,0,0,3,0,0,0,0,0,0,1,0,1,3,3,3,3,4,2,2,-1,FALSE,FALSE
mSkU22T9Di,2,2,2,2,1,3,2,2,2,1,1,1,2,2,1,2,3,2,1,2,2,2,3,3,1,3,2,1,2,1,2,3,2,2,1,1,2,1,2,2,2,2,1,1,2,2,2,1,1,3,2,1,2,3,3,4,2,3,3,3,3,2,2,3,3,1,2,3,2,1,1,1,-2,FALSE,FALSE
MtESQu4nk5,2,1,2,2,2,2,1,2,3,3,3,3,2,2,1,3,4,2,2,2,2,2,2,3,3,1,3,2,2,2,2,2,2,3,2,1,2,3,4,3,2,2,3,2,2,3,1,3,2,2,1,1,3,3,2,3,2,3,2,4,3,1,2,4,1,1,1,2,1,0,3,1,-2,FALSE,FALSE
mTLRvEfmIq,3,1,4,2,1,2,1,3,2,0,1,1,0,4,0,0,5,1,0,1,3,3,4,3,1,2,2,3,1,2,1,3,2,2,1,1,2,2,1,2,2,2,3,2,3,4,3,0,2,1,3,0,3,3,2,3,3,3,2,1,3,1,3,4,4,0,3,1,3,4,4,3,2,FALSE,FALSE
mvh72P0Vu7,3,3,2,3,2,2,2,3,3,4,2,3,2,3,2,2,1,2,2,2,3,3,3,3,2,2,2,3,3,2,2,3,2,3,1,2,2,2,3,3,3,3,3,2,3,2,3,2,1,2,3,2,2,3,3,3,2,2,2,2,3,3,2,3,3,2,2,2,2,2,2,3,1.5,TRUE,FALSE
MW6PUiAOVr,2,3,3,3,2,3,2,3,3,3,1,3,3,3,3,3,1,2,1,2,4,3,3,3,3,3,3,3,2,2,2,2,3,3,2,0,3,3,3,3,3,3,3,2,2,1,3,2,3,1,2,2,3,3,3,2,4,4,2,3,3,3,2,1,3,2,3,4,2,3,3,2,-2,FALSE,FALSE
N3muyGl3ry,3,2,4,2,0,5,4,3,4,5,2,1,3,5,1,0,3,4,1,0,5,5,5,5,5,5,5,5,5,3,0,5,4,4,0,0,4,1,0,5,4,5,3,1,2,1,2,0,5,2,1,0,0,4,0,0,0,0,0,3,3,0,0,0,4,2,3,3,3,1,3,3,0,FALSE,FALSE
N9w8ybGtrx,2,2,3,3,2,2,2,2,2,2,2,2,2,2,2,2,3,2,2,2,3,3,3,3,3,3,3,3,3,2,3,3,2,3,2,2,2,2,3,3,3,2,3,3,3,2,2,3,3,3,2,3,2,2,2,2,2,2,3,2,2,2,2,2,2,2,2,2,2,2,2,1,-2,FALSE,FALSE
nahQ4nLJ72,3,3,4,2,3,3,3,3,3,3,2,2,2,2,1,3,3,1,2,2,5,4,5,4,4,4,3,4,3,2,3,3,3,4,2,2,3,3,3,4,4,3,2,2,2,3,4,3,3,2,5,4,3,2,3,2,2,3,2,2,2,2,2,2,2,1,1,2,3,0,1,1,0.5,FALSE,FALSE
NdxlJQSX6V,4,2,2,3,2,1,1,2,3,4,2,2,3,4,2,1,3,1,1,1,3,2,3,3,1,2,3,4,3,1,1,0,3,2,1,2,2,1,1,3,1,2,1,1,1,2,2,0,2,2,2,0,1,3,1,4,3,4,2,1,1,1,1,2,3,2,3,2,1,3,3,NA,-1,TRUE,FALSE
ngRp7Q06pB,3,3,3,4,2,3,1,3,3,1,3,1,3,4,2,3,2,2,2,2,5,5,5,4,5,3,3,3,4,2,3,3,3,2,0,0,3,3,2,2,2,3,2,1,1,2,3,2,2,3,2,2,2,2,2,2,3,3,1,2,3,2,1,2,3,2,2,2,2,1,3,NA,-2,FALSE,FALSE
nGsBX9YOAM,2,2,2,3,2,3,2,3,3,3,3,2,4,4,4,3,1,4,5,2,3,3,3,3,2,2,2,3,3,2,1,1,4,2,4,4,4,3,2,1,1,3,3,3,4,1,3,3,4,3,1,3,2,2,3,2,2,2,3,3,3,3,2,3,3,3,3,3,2,3,3,2,2,FALSE,FALSE
nhRnpc2Poy,2,2,2,2,1,1,1,2,3,3,2,2,1,3,1,2,1,1,2,2,2,2,2,2,2,1,2,4,2,1,2,1,1,2,0,0,0,1,2,2,2,1,3,1,2,3,2,1,1,2,2,1,1,3,2,1,2,2,2,1,3,1,1,2,2,1,1,3,2,4,2,2,0.5,FALSE,FALSE
NKMES8pCyi,3,4,1,3,3,4,3,4,3,3,3,3,4,3,4,3,3,4,4,3,3,4,2,4,4,4,4,4,3,2,3,4,2,2,2,3,3,2,1,3,1,5,3,3,3,2,4,4,2,3,2,4,3,2,2,3,4,3,1,3,3,3,2,3,4,2,3,3,2,2,3,NA,-2,TRUE,FALSE
NMYlrLUEZ1,4,4,4,5,3,5,5,4,2,3,3,2,3,4,3,3,3,3,3,3,5,5,5,5,5,3,2,2,5,2,3,3,3,4,0,0,3,2,3,1,5,3,3,2,1,2,4,2,3,1,5,2,2,4,4,4,3,4,5,1,4,4,2,4,4,1,1,1,2,1,2,1,2.5,FALSE,TRUE
nNCmili2x1,2,3,2,5,3,4,2,3,1,3,0,1,1,4,1,1,0,3,1,3,3,2,2,3,1,4,2,1,3,0,3,2,3,3,1,1,3,2,3,3,3,4,2,1,0,2,3,4,4,2,2,2,2,3,3,4,3,3,3,3,3,3,4,3,3,2,2,3,1,1,2,1,-2,FALSE,FALSE
nnLZv3c0RC,1,1,4,4,1,1,1,1,1,1,1,1,1,1,1,1,4,1,1,1,2,2,4,2,1,0,1,1,0,3,2,1,1,1,2,2,3,3,2,3,1,2,4,1,3,2,1,1,3,4,1,3,4,2,2,3,1,2,4,3,1,3,1,1,3,1,1,2,2,2,2,1,-2,FALSE,FALSE
nqida8kDsb,3,3,2,2,3,3,3,4,3,3,4,4,2,3,2,4,2,3,4,3,3,4,2,3,3,3,3,4,3,2,3,4,3,2,4,3,4,3,2,1,2,3,4,3,4,2,4,4,3,3,2,3,2,3,3,4,4,3,2,4,4,4,4,4,3,2,2,1,2,1,3,3,-2,FALSE,FALSE
Nsf7SZQiKn,2,2,2,2,0,1,1,3,2,1,2,3,2,4,3,3,1,4,2,3,4,3,4,3,4,3,3,3,2,1,1,4,1,1,1,0,1,1,2,1,1,2,1,0,0,1,4,0,0,1,4,1,0,3,2,3,2,1,1,1,3,0,1,1,3,1,1,1,1,1,1,1,0.5,FALSE,FALSE
ntIarc7F8T,1,2,4,3,1,2,1,2,2,2,1,2,1,1,2,2,3,2,2,1,3,2,3,1,2,2,1,1,2,3,1,3,1,4,1,2,2,1,3,2,2,2,2,3,4,2,4,2,2,1,4,3,4,1,1,1,2,1,3,1,1,2,1,2,2,2,2,2,2,2,2,NA,0.5,FALSE,FALSE
NtmrPyf6Rj,2,2,2,2,1,2,2,2,3,2,0,2,3,4,1,1,2,2,1,1,3,3,3,3,3,3,3,4,4,3,2,2,1,2,0,1,2,1,3,2,2,3,2,1,0,2,2,0,2,3,1,0,1,2,1,3,1,2,1,1,3,1,1,1,2,2,2,3,1,3,2,NA,-2,FALSE,FALSE
NXV8LYthfP,3,2,2,2,2,4,4,3,4,4,2,3,4,4,3,2,2,3,3,2,4,4,5,4,4,4,4,4,3,3,2,4,1,0,0,0,1,4,4,2,2,1,3,2,1,2,5,2,3,4,4,3,3,3,3,4,3,3,2,3,4,2,2,3,4,3,3,2,3,4,3,2,-2,FALSE,FALSE
nZ5b34k2BP,3,2,3,3,1,2,1,2,1,2,2,1,3,2,1,2,4,3,1,2,2,1,3,2,3,2,2,1,2,4,2,2,2,4,1,2,2,2,4,2,3,2,1,1,2,3,2,2,3,2,3,2,3,2,2,4,4,2,2,3,3,3,3,2,3,3,2,3,2,3,3,NA,-2,FALSE,FALSE
O0MyEBNc56,3,2,3,2,3,3,1,3,3,3,3,2,3,3,3,3,3,2,3,3,3,3,3,3,3,3,2,2,3,0,3,2,3,3,1,2,3,3,1,4,4,3,2,1,0,2,3,3,3,3,3,2,3,4,2,2,3,3,3,3,3,2,3,2,3,2,2,2,2,1,3,2,-2,FALSE,FALSE
o5RKs3mdpU,3,2,3,2,2,3,2,3,3,3,3,3,3,3,3,3,1,3,3,2,3,3,4,3,3,2,3,3,2,2,3,3,2,2,2,1,2,2,1,2,2,3,2,0,2,2,3,2,3,3,4,2,1,3,4,4,3,1,2,2,2,3,1,2,4,2,1,1,1,3,3,1,-2,FALSE,FALSE
O5WxWHRFOy,4,4,4,4,3,5,3,4,3,3,3,3,4,3,2,3,1,3,3,4,5,5,4,4,4,5,2,4,5,2,3,2,1,1,1,2,2,3,4,1,1,1,2,3,1,2,4,3,4,1,4,3,4,4,4,4,4,4,4,3,4,1,4,4,4,1,1,1,1,1,3,1,-2,FALSE,FALSE
oAt4Wh6uC8,3,3,2,2,3,3,3,3,3,3,3,3,3,3,3,3,2,3,3,3,4,3,2,3,3,3,3,3,3,2,3,3,3,2,3,3,3,3,2,2,2,3,3,3,3,2,3,3,3,3,3,3,2,2,1,4,2,2,1,1,1,2,1,1,1,3,3,3,2,2,3,2,0,FALSE,FALSE
ODGVYkHeZs,3,2,2,3,3,3,2,3,3,2,3,3,3,3,3,3,2,3,3,3,2,3,1,3,3,3,3,2,3,3,3,3,3,3,2,2,2,2,2,3,2,2,2,2,2,2,2,2,3,2,3,2,2,2,3,3,3,3,3,3,3,3,2,3,3,0,2,0,3,0,4,NA,-2,FALSE,FALSE
OhKU30XCaG,4,2,2,1,3,1,2,5,3,5,3,3,4,3,5,3,1,2,2,3,4,5,5,1,4,5,3,3,5,2,4,3,3,4,2,2,3,4,1,0,2,4,3,1,2,1,5,1,1,3,3,4,0,2,2,5,2,2,1,2,2,0,2,2,3,0,1,2,1,3,3,1,-2,FALSE,FALSE
OjQQtcK5Bl,4,4,5,3,5,5,5,4,1,0,5,4,3,5,2,4,0,0,3,0,5,5,5,5,5,5,0,5,5,5,5,2,4,3,0,4,5,4,5,5,5,5,2,2,0,0,5,3,5,2,5,3,5,4,0,5,4,4,2,0,4,4,4,4,3,0,0,1,0,1,0,2,2,FALSE,FALSE
oLp0C6375F,3,1,3,3,1,5,3,3,3,4,3,1,4,3,3,2,2,1,1,2,4,4,4,3,4,3,4,3,3,4,2,1,4,4,1,0,4,3,3,3,3,4,3,4,2,2,4,2,3,3,4,1,3,1,2,3,2,1,1,0,2,1,1,1,1,2,3,3,2,1,2,2,-2,FALSE,FALSE
op3H2zRrG1,3,2,4,4,3,2,2,3,3,1,2,3,3,4,2,2,1,1,1,2,4,4,4,4,3,2,1,3,3,1,3,3,4,3,0,1,3,2,5,3,4,3,1,1,3,1,5,3,2,2,5,3,2,4,2,1,3,2,2,1,2,3,2,1,3,1,2,2,1,3,3,1,-2,FALSE,FALSE
osMD9biQDC,4,3,4,1,3,4,4,4,3,3,3,3,3,5,4,3,2,2,2,3,5,3,3,3,3,3,3,5,4,3,5,4,0,2,2,1,2,1,2,0,0,1,4,4,3,1,4,4,4,4,3,4,1,3,3,3,4,3,1,4,3,4,3,4,4,1,3,3,3,2,3,3,3,TRUE,TRUE
osqQVLURO8,3,3,4,4,3,3,3,3,3,4,3,3,3,4,3,3,2,1,3,3,3,4,2,3,3,3,3,3,3,2,3,3,3,2,3,3,3,3,2,2,4,3,3,3,3,1,4,3,4,4,4,3,4,4,4,4,4,4,1,4,4,4,4,4,4,2,2,2,1,2,2,1,0.5,FALSE,TRUE
OTgHG3A20R,2,3,3,3,2,3,3,4,2,3,1,2,2,3,1,3,1,2,1,2,4,5,5,4,4,3,4,2,4,4,2,2,3,4,1,1,3,3,3,3,4,5,1,2,2,1,5,2,2,3,5,3,3,1,1,3,0,2,1,0,3,0,1,2,3,1,1,2,0,2,2,NA,-2,FALSE,FALSE
OUgnPYlwLz,4,3,4,4,3,4,1,3,3,2,4,3,4,4,3,4,0,2,1,4,4,3,4,4,4,3,2,3,3,1,2,4,2,1,1,2,2,3,3,1,1,1,1,1,3,1,4,3,3,2,4,3,3,3,3,4,3,3,3,3,3,2,2,4,3,2,2,2,3,1,2,1,0.5,FALSE,FALSE
OWwLUhx97m,3,3,2,4,3,4,3,3,3,4,2,1,3,3,1,1,1,0,0,1,5,4,5,3,3,4,4,4,4,2,5,5,4,2,0,0,4,3,4,3,3,3,3,1,2,2,5,3,3,3,5,3,4,4,4,4,4,4,4,4,4,4,4,5,4,1,2,2,3,3,1,4,0,FALSE,FALSE
oyRYIh2w3C,4,5,1,1,1,5,3,4,4,3,3,5,5,5,4,5,0,0,4,5,5,4,1,5,3,4,5,4,5,1,1,4,3,1,4,4,3,2,0,2,2,1,4,3,4,1,1,2,4,3,2,1,2,4,5,5,5,5,4,4,5,4,5,4,5,1,1,0,1,3,1,1,-2,FALSE,FALSE
P1qSqSVgh6,3,3,3,3,3,4,3,4,3,3,4,3,4,5,3,4,1,1,3,4,5,5,5,4,3,5,3,4,5,2,3,4,3,3,2,3,3,4,3,3,4,3,3,3,3,1,5,3,4,5,5,3,4,4,5,4,4,5,4,4,5,4,4,5,4,1,2,3,3,3,3,3,2,FALSE,TRUE
P1xXgkh0YS,4,5,4,3,5,5,4,4,4,5,3,4,5,5,2,5,1,2,2,4,5,5,4,4,2,5,5,5,5,1,5,5,4,4,2,3,4,5,4,4,5,3,4,5,5,1,5,5,4,5,4,3,3,5,5,5,5,5,5,5,5,5,5,5,5,1,1,2,0,2,4,1,0,FALSE,FALSE
p2aHDlGHY3,0,2,3,3,2,1,2,2,3,2,3,2,2,2,3,3,5,1,2,2,0,2,2,2,0,0,0,3,1,3,0,0,0,5,2,2,0,3,4,5,3,0,0,1,0,3,0,0,0,0,5,0,5,0,2,2,2,0,3,0,0,0,2,0,0,0,1,0,1,1,3,1,-2,FALSE,FALSE
p2pM8bQTtq,2,4,4,4,2,3,3,3,3,1,1,2,1,3,1,1,2,3,1,2,4,3,5,3,3,4,3,3,3,2,1,2,3,4,0,0,3,1,3,2,2,2,3,1,1,2,3,2,3,2,4,3,3,2,1,3,1,3,1,2,3,1,2,3,3,1,1,2,1,3,1,NA,-2,FALSE,FALSE
p6kinCGYar,1,1,3,2,0,1,2,2,2,2,1,0,3,3,0,1,2,3,1,1,4,5,3,2,3,3,3,4,4,3,3,3,0,2,0,0,0,0,2,1,0,1,2,1,0,2,2,1,1,2,2,2,2,2,0,4,2,3,3,0,3,0,0,3,2,1,1,3,2,1,1,4,1.5,FALSE,FALSE
P9Ayn8Uhrm,3,3,4,3,2,0,4,3,3,3,2,3,4,4,4,3,0,2,3,2,5,4,5,5,2,3,5,2,4,0,4,5,3,1,2,1,3,2,2,3,3,3,0,0,2,2,4,2,3,3,5,3,2,2,0,0,2,0,0,1,3,0,0,1,2,0,0,1,2,0,0,NA,1.5,FALSE,FALSE
pbEi4w1Tdk,3,3,3,3,2,3,3,3,3,4,3,2,2,3,2,2,0,2,2,2,5,5,5,4,4,3,3,2,3,2,3,4,3,3,0,1,2,2,2,3,3,3,2,0,2,2,4,1,3,3,4,2,1,3,2,2,2,3,0,1,3,1,1,2,2,2,3,3,2,3,2,NA,2.5,FALSE,FALSE
pmlugbL9py,3,3,3,4,2,3,3,4,2,1,2,2,3,3,2,2,2,2,1,2,4,4,5,3,3,3,3,2,3,3,3,3,4,4,1,1,4,3,4,4,4,2,2,2,1,1,4,1,3,3,4,2,2,3,1,1,1,1,1,1,4,4,0,3,5,2,2,1,2,3,3,3,0.5,TRUE,FALSE
PNcNdedT1h,3,3,3,3,1,4,2,3,4,3,3,2,3,3,3,3,3,2,3,2,4,3,4,4,2,4,3,4,3,3,4,3,3,3,1,2,3,2,3,2,3,2,4,2,3,2,4,2,3,3,3,2,2,3,3,2,3,3,1,3,3,3,2,3,3,3,3,3,2,1,3,1,0,FALSE,FALSE
prkNbsJS99,3,3,3,3,3,3,2,3,3,3,2,3,3,3,2,3,3,3,1,3,4,3,2,3,3,3,3,3,3,2,3,3,2,3,0,0,3,3,1,3,3,4,2,1,2,2,3,3,2,2,2,3,2,2,1,1,2,1,2,2,2,2,2,2,2,1,1,0,0,3,1,NA,-2,FALSE,FALSE
pRPqAwQVda,3,2,2,3,2,4,4,3,3,3,3,3,2,4,2,3,3,3,3,3,2,2,2,4,2,4,2,2,2,2,3,3,2,1,2,2,3,3,2,2,2,2,3,2,3,3,4,3,2,1,4,3,1,3,3,4,3,5,1,3,3,3,2,2,2,3,2,2,3,3,2,NA,-2,FALSE,FALSE
PTIPJMjK9l,5,5,5,5,3,1,3,3,3,3,0,2,3,4,3,3,0,0,2,0,5,5,5,5,3,4,3,5,5,1,4,4,5,3,2,1,3,4,2,3,5,5,3,4,4,2,5,4,4,4,5,4,3,0,0,4,0,0,0,0,0,0,0,0,3,0,0,0,0,2,0,3,0.5,FALSE,FALSE
pTqS3P95Fs,3,2,4,3,1,3,3,4,3,3,3,4,4,4,2,3,1,1,3,2,5,4,4,4,4,3,4,4,3,4,1,4,1,1,1,1,2,4,4,1,1,2,2,2,2,1,4,1,3,3,4,1,1,4,3,4,3,3,3,3,3,1,3,4,4,1,1,2,1,4,2,1,0,FALSE,FALSE
PuyBWPPz4e,4,3,4,4,3,3,3,3,4,4,3,3,4,5,3,3,2,4,3,3,5,3,4,4,3,4,5,5,4,3,4,4,4,0,2,3,3,3,3,1,2,3,3,2,2,1,4,3,4,4,4,2,4,3,3,5,4,4,2,3,4,3,4,4,3,1,1,1,2,2,3,3,-2,TRUE,FALSE
pvFLsHHnMg,0,0,1,1,0,2,0,0,1,3,0,2,0,1,1,0,4,1,1,1,0,0,3,0,0,3,3,3,1,1,0,0,0,1,0,0,0,0,5,1,5,1,0,0,0,5,3,0,1,0,3,0,1,0,1,0,1,2,3,0,0,0,0,0,0,0,2,3,2,3,3,NA,-2,FALSE,FALSE
pVxySUo9bS,3,2,2,2,4,3,2,3,4,3,3,2,3,4,1,3,3,2,1,2,5,4,5,3,4,3,4,4,3,3,4,4,2,2,1,1,2,3,3,1,2,2,3,2,3,2,3,4,3,3,3,2,3,3,2,2,1,3,2,2,4,3,1,4,3,1,1,0,2,2,1,2,0.5,FALSE,FALSE
PWkORrgrGd,4,3,4,3,3,5,2,3,2,2,3,3,4,3,2,3,2,2,2,3,3,3,3,3,3,4,4,4,3,3,3,2,3,3,3,4,3,3,2,1,1,2,4,3,4,2,3,3,3,3,3,4,3,2,1,3,3,3,1,1,1,1,2,2,3,2,3,3,2,3,3,NA,-2,FALSE,FALSE
PwXEJApBeD,5,3,3,3,2,4,3,2,3,3,3,4,3,5,2,3,0,1,2,3,4,5,4,3,4,3,4,3,4,2,4,5,3,3,3,2,4,3,3,2,3,2,4,3,3,1,4,3,3,3,3,3,2,2,2,2,2,2,1,2,2,2,2,2,2,3,3,3,3,3,3,NA,-2,FALSE,FALSE
pxLjdokyLN,2,4,2,3,1,1,2,3,1,3,2,4,1,3,2,3,2,2,1,1,2,1,2,1,3,2,2,4,2,2,1,3,3,2,1,3,1,3,2,2,4,2,2,3,3,3,3,2,1,3,3,3,3,1,3,1,4,2,2,1,4,1,3,3,2,2,2,1,1,1,1,NA,-2,FALSE,FALSE
PYzFlBQZhx,2,2,2,2,1,2,2,2,3,3,2,2,3,2,2,2,2,2,2,2,2,2,2,2,2,2,2,4,2,2,2,2,2,2,1,2,2,1,2,2,2,2,4,2,1,2,2,0,2,1,2,1,3,3,3,3,3,3,2,3,4,3,3,3,3,1,1,2,1,1,2,1,-2,FALSE,FALSE
pzKDfF8UQ4,3,2,2,1,1,3,2,5,4,4,3,3,3,4,2,2,2,2,3,4,4,5,3,2,4,3,2,2,2,1,2,3,4,3,2,1,3,2,2,4,3,3,3,2,1,2,4,2,2,2,3,1,1,4,2,3,2,3,2,2,3,3,2,2,4,3,1,2,3,2,3,NA,-2,FALSE,FALSE
Q2yzpMjRow,4,3,4,3,2,4,2,4,4,5,3,2,3,4,2,2,1,1,2,1,4,4,4,3,4,5,2,4,5,2,3,4,2,2,1,0,2,3,2,2,2,3,4,1,4,2,5,1,4,3,5,2,4,5,3,4,4,3,3,0,4,0,1,2,4,3,3,4,2,2,3,2,2.5,FALSE,FALSE
q5NrRpZbQp,3,3,2,2,3,3,3,3,3,3,3,3,3,2,3,3,2,3,3,3,3,3,2,3,3,3,3,3,3,2,3,3,2,3,2,2,3,2,3,3,3,2,3,3,3,2,3,3,3,3,2,3,2,3,3,3,3,3,2,3,3,3,3,3,3,3,3,3,3,3,3,NA,-2,FALSE,FALSE
Q6k63D7zEf,2,3,3,3,1,2,2,1,1,2,1,2,2,2,1,2,3,2,3,2,4,3,3,4,3,3,2,3,3,2,4,4,1,4,1,0,0,1,3,2,4,3,1,1,2,5,1,1,1,1,4,0,5,1,1,1,1,1,5,1,0,1,1,1,0,3,3,3,3,2,1,NA,0.5,FALSE,FALSE
QAa2Zsf0Wr,1,3,2,3,1,3,1,2,3,2,3,1,1,3,1,3,2,2,2,3,4,3,1,3,3,3,2,2,2,1,2,3,1,2,1,2,2,1,2,2,1,1,2,2,4,1,0,0,3,3,0,1,1,4,3,4,3,2,4,1,3,2,3,4,3,2,2,1,2,3,3,2,2.5,FALSE,FALSE
qaadFh2Itq,3,2,3,3,3,3,2,3,2,4,2,2,3,3,2,2,3,2,2,2,3,4,4,4,3,4,3,3,3,1,4,3,3,4,1,1,4,2,4,4,3,3,2,2,3,2,3,3,3,3,4,4,3,3,3,3,3,3,3,3,4,3,3,3,3,3,2,3,2,2,3,1,-2,FALSE,FALSE
QB5HNqHPKv,3,3,4,3,2,3,3,3,3,3,3,4,3,4,2,2,1,2,2,3,3,3,5,3,2,3,3,3,3,2,2,3,3,4,0,2,3,3,1,5,5,5,3,3,2,2,2,2,3,3,2,3,2,0,1,2,0,0,0,0,0,1,0,0,1,1,3,3,1,1,3,NA,-2,FALSE,FALSE
Qk6YaIs2s2,3,4,3,3,3,3,4,3,3,3,3,3,3,4,2,3,1,1,2,1,4,4,4,4,3,4,4,4,3,3,3,3,3,2,1,1,4,3,3,2,2,2,2,3,3,2,3,3,3,3,3,3,2,3,2,3,1,3,4,1,3,1,2,2,1,1,1,2,2,2,3,1,2.5,FALSE,FALSE
QkFREk3u9V,2,1,2,1,2,2,3,3,3,2,1,3,3,3,1,1,0,1,1,1,5,4,3,5,4,3,5,5,2,2,2,3,2,3,2,1,2,1,0,4,3,5,4,2,2,1,4,2,2,3,4,1,2,3,3,4,3,3,3,3,4,3,3,4,4,1,1,0,1,3,2,2,-1,FALSE,FALSE
qkzc2A8zxi,4,3,4,4,4,3,2,4,2,3,2,3,3,3,3,3,2,3,2,3,4,4,3,3,3,3,4,2,3,2,4,3,2,2,3,3,2,2,2,2,3,3,3,3,2,2,3,2,3,3,4,2,3,3,2,3,3,3,3,3,3,2,3,2,3,1,2,2,2,3,3,2,-2,FALSE,FALSE
Qnpq1v1vmw,3,2,2,2,1,1,1,3,3,2,2,2,2,4,1,2,1,1,1,1,5,4,4,4,4,2,3,4,4,2,1,3,1,1,1,0,1,0,2,1,1,2,3,1,2,1,4,0,2,1,4,1,1,4,3,3,4,3,4,3,4,3,4,3,4,1,2,3,2,3,3,3,1.5,FALSE,FALSE
QOT10tHumC,4,3,4,3,1,4,3,3,4,4,2,2,3,4,1,3,0,3,1,2,4,3,3,3,2,3,3,4,4,1,3,2,2,1,1,1,2,2,4,3,1,1,3,3,2,2,4,2,3,3,4,1,2,2,3,4,3,3,3,3,3,3,2,1,3,3,3,3,3,2,1,2,-2,FALSE,FALSE
QPFanCUuVX,1,3,1,3,2,1,2,3,1,1,3,2,3,3,3,3,1,4,2,2,3,3,5,3,3,1,2,3,2,3,2,2,4,4,4,1,3,3,4,2,3,3,1,2,1,3,3,1,2,2,4,1,2,3,3,3,3,4,3,2,4,2,3,4,4,1,1,2,2,1,2,1,2.5,FALSE,FALSE
Qq9GR6HNZF,1,1,4,2,3,2,1,2,1,1,2,2,2,1,1,2,3,2,1,2,4,2,4,2,2,2,2,2,1,3,2,2,2,2,2,1,2,3,3,4,1,2,2,2,2,3,1,0,2,2,5,1,1,1,2,2,1,2,4,2,1,2,3,3,2,1,2,1,0,1,3,NA,0.5,FALSE,FALSE
qQbFGSxK4R,4,4,1,4,4,4,4,4,4,1,5,5,5,4,4,5,1,4,4,4,4,5,1,3,5,4,4,5,5,0,4,5,5,0,5,5,5,5,0,2,0,4,5,5,5,1,4,4,4,4,1,5,1,4,4,4,4,4,1,4,5,4,4,4,5,3,3,3,3,3,3,1,-2,TRUE,TRUE
QrIz4kmzBO,3,4,3,3,2,4,3,3,3,4,3,3,4,3,2,3,2,2,2,3,5,5,5,5,3,4,3,3,4,2,3,5,2,2,2,2,2,3,3,2,2,3,3,2,3,2,5,2,3,3,3,3,3,2,2,3,3,3,2,4,3,3,2,3,4,2,1,1,1,3,3,1,-2,FALSE,FALSE
QsnjBwJun6,3,3,3,5,2,0,4,3,3,3,1,2,3,4,1,3,2,1,1,4,2,2,2,2,0,1,2,3,4,2,4,2,1,0,1,1,0,1,0,0,0,1,1,2,0,3,3,1,1,3,3,0,2,4,3,3,3,3,2,2,4,1,3,4,4,0,0,0,2,0,1,NA,-2,FALSE,FALSE
qVmGCjFgoW,3,3,3,2,3,3,3,3,3,3,3,3,3,3,3,3,3,2,2,2,3,3,2,2,3,3,3,3,3,2,3,3,2,3,2,2,3,2,2,3,3,3,1,0,3,1,5,3,3,1,4,3,0,2,1,2,4,2,1,1,3,0,2,1,2,1,1,1,1,3,1,2,1.5,FALSE,FALSE
qx2z1czIyP,3,2,3,2,3,3,3,3,3,3,4,3,3,3,2,1,1,2,2,3,4,4,3,2,4,3,3,3,3,3,3,3,4,3,4,2,3,3,2,1,3,3,3,3,4,1,4,3,4,4,4,3,4,4,4,4,4,4,4,4,4,4,4,4,4,2,2,2,3,3,2,2,0.5,FALSE,FALSE
QxKxlY255X,4,4,4,5,2,3,3,4,4,4,4,4,3,4,4,3,0,1,1,3,4,4,4,4,1,3,4,5,2,2,3,3,4,4,1,0,4,4,4,4,4,4,4,1,3,1,4,4,3,4,4,3,4,4,3,1,1,3,0,2,4,1,2,3,4,3,3,3,3,3,3,2,1.5,FALSE,FALSE
QYtUrXkiPp,3,3,1,1,0,1,1,3,3,2,3,4,0,0,3,4,1,1,1,3,4,4,4,1,4,4,4,4,4,1,0,4,2,2,0,3,2,3,0,1,1,3,3,3,1,1,5,0,2,2,5,1,2,3,4,4,4,4,1,3,4,3,3,3,3,3,3,3,2,3,3,1,-2,FALSE,FALSE
QZ9nRSroKQ,3,2,3,4,2,3,2,3,3,2,2,1,4,4,2,2,2,1,1,3,5,5,4,5,5,4,4,5,4,1,4,4,4,3,2,1,3,3,1,3,3,4,4,2,1,1,4,3,4,4,3,4,2,3,3,3,3,3,2,2,4,3,1,3,3,2,3,3,3,4,3,NA,2,FALSE,FALSE
r2Qc9jbrW7,2,2,2,2,0,4,1,2,2,3,1,0,0,5,0,5,0,1,2,2,4,3,3,3,3,3,4,4,3,1,1,4,1,1,2,2,2,0,1,1,1,1,2,1,1,2,3,1,2,1,4,0,1,1,1,3,2,1,0,1,1,1,1,4,3,1,1,3,3,1,0,NA,-2,FALSE,FALSE
r4zlFEVJOo,3,4,4,4,2,3,3,2,3,4,4,3,3,3,2,2,2,0,0,1,3,3,3,3,2,3,2,3,3,2,2,2,3,3,0,0,3,2,3,3,3,2,3,2,1,2,3,3,2,2,2,2,1,4,3,3,2,3,0,2,3,4,1,2,2,0,1,0,3,2,1,2,2.5,FALSE,FALSE
R500qbuwsc,3,3,3,3,3,3,2,3,3,3,4,2,2,3,2,3,0,2,2,3,4,4,3,3,2,3,2,5,4,2,4,3,3,3,2,2,2,3,3,3,3,3,3,2,3,2,4,4,3,3,4,3,3,4,2,4,2,3,2,2,3,3,2,2,3,1,1,1,2,3,2,3,2,TRUE,FALSE
R6KgZz9Cno,1,3,3,3,1,3,1,1,0,2,1,1,2,2,2,2,3,1,3,3,1,1,0,2,2,3,2,2,2,3,2,1,1,2,1,3,2,0,0,4,2,3,2,0,0,3,1,2,3,2,4,1,3,2,1,2,2,1,4,1,3,2,3,5,2,2,0,1,0,2,2,NA,-2,FALSE,FALSE
R9C3loTdjY,3,3,3,5,2,3,0,3,4,2,3,4,2,4,3,4,1,2,3,4,5,3,3,3,2,3,3,4,3,1,3,3,4,4,0,0,4,3,2,3,3,5,3,2,2,1,4,3,3,3,3,2,0,4,4,2,5,4,4,3,5,3,3,5,3,2,2,3,3,2,3,1,2,FALSE,FALSE
r9YNERa371,3,3,3,2,2,3,3,3,3,3,3,3,3,3,2,2,2,2,3,2,3,5,3,3,3,3,3,4,2,3,2,3,3,2,2,2,3,3,3,3,3,3,3,3,3,2,4,2,3,3,4,2,3,2,2,3,2,3,2,2,2,2,1,2,2,1,1,1,2,2,1,2,-2,FALSE,TRUE
RA5bBnFe4N,2,1,2,4,1,2,1,1,2,0,1,1,2,2,0,1,1,2,0,3,4,3,3,3,2,2,4,3,0,2,0,0,3,4,1,0,3,2,0,3,3,5,1,0,1,4,3,0,1,1,1,0,1,3,2,2,3,3,2,2,3,2,2,3,4,1,1,0,1,3,1,4,-2,FALSE,TRUE
RaamhhMqF7,3,3,3,3,2,3,3,3,3,3,3,3,3,3,3,3,1,1,2,3,4,3,4,3,3,4,3,3,3,3,2,3,2,2,2,1,2,2,3,2,2,2,3,3,2,2,3,1,3,2,3,2,3,3,2,3,2,4,2,3,3,1,3,2,3,1,1,2,3,2,1,2,2.5,FALSE,FALSE
RgbS5SeYOk,4,3,4,4,2,1,3,3,3,3,4,1,4,4,1,1,2,1,1,2,4,4,4,3,4,4,4,5,3,4,3,1,4,3,1,1,3,3,3,4,4,4,2,4,1,1,4,2,4,4,4,3,3,3,2,4,2,1,3,1,2,2,1,1,1,2,1,1,1,1,3,1,-2,FALSE,FALSE
rJuOLLAnEp,2,2,2,1,3,4,2,4,2,1,3,0,4,4,1,1,4,0,1,2,4,3,4,3,2,3,4,4,4,2,4,2,3,4,1,1,3,2,2,4,4,4,3,1,1,2,4,2,3,4,4,2,4,3,1,1,3,2,1,0,1,3,1,3,2,1,1,3,1,2,1,NA,-2,FALSE,FALSE
rNrNriDJrJ,3,3,3,4,2,3,3,3,3,3,3,3,3,4,3,2,2,2,2,3,4,3,4,3,2,3,4,4,3,2,3,3,3,3,3,2,3,3,3,3,3,4,2,3,3,2,4,2,3,3,4,2,3,3,3,3,3,3,2,1,3,3,3,2,3,3,3,3,3,3,3,1,-2,FALSE,FALSE
rnVlZTIPxR,2,2,3,3,1,4,2,2,2,3,2,2,2,2,2,2,2,2,2,2,4,3,2,3,2,3,1,2,2,0,1,1,3,1,1,0,0,0,1,2,2,1,1,1,0,2,4,1,3,2,2,2,1,3,1,3,2,1,3,2,2,2,1,1,2,1,2,3,3,2,1,NA,-2,FALSE,FALSE
RnwhJLEcxk,3,2,3,2,2,3,1,3,3,4,3,3,2,3,3,3,1,2,3,1,3,3,3,3,1,3,3,3,3,2,3,1,3,1,1,3,3,2,3,1,1,1,3,1,1,1,4,1,3,4,4,1,1,3,3,4,3,3,3,2,3,3,3,3,3,3,3,3,3,3,3,2,-2,FALSE,FALSE
Ron5wtZETU,3,2,2,2,2,3,3,3,2,3,3,2,3,2,2,2,2,2,3,3,3,3,3,3,3,3,2,3,3,2,3,3,2,3,1,2,2,2,2,3,2,2,1,0,2,3,4,2,3,2,4,1,2,4,2,3,3,3,2,3,4,2,2,3,3,3,2,2,3,3,1,NA,-1,FALSE,FALSE
rptyTtS8Vb,3,3,4,3,2,3,2,3,3,4,3,2,3,4,3,4,0,2,3,3,5,5,5,4,4,3,3,4,5,2,3,5,1,2,1,2,2,3,3,2,2,2,4,3,3,2,4,4,3,3,4,3,3,3,4,4,4,3,2,3,4,4,3,4,4,1,2,3,4,2,3,2,3,FALSE,FALSE
RSYTt2xWz8,5,5,5,2,5,5,5,5,5,5,1,3,3,5,1,2,5,0,1,0,3,3,4,4,2,4,3,5,3,1,2,5,1,0,2,1,1,3,2,1,2,1,4,3,5,0,4,3,4,5,4,3,3,5,3,3,3,4,1,2,5,2,1,2,4,3,3,1,2,2,3,NA,0.5,FALSE,FALSE
RuqfncD5cw,2,2,2,2,2,3,3,3,3,3,2,3,2,2,2,3,2,2,2,3,4,4,3,4,2,3,3,4,4,2,2,4,2,1,1,1,1,2,1,1,1,3,3,2,1,1,3,2,2,2,4,1,2,3,2,3,3,3,3,3,3,3,2,3,3,3,3,3,3,3,3,1,-2,FALSE,FALSE
RWZx4iLyhN,3,2,3,3,2,3,3,3,3,3,2,2,2,4,1,1,4,2,1,1,3,3,4,3,3,3,2,3,3,2,3,3,3,4,1,1,3,2,3,3,3,3,2,2,3,3,4,2,3,2,3,4,3,3,3,2,3,3,2,2,3,3,2,3,3,2,2,2,2,2,3,NA,-2,TRUE,FALSE
s1sAV1JqQ2,3,4,3,4,1,4,4,3,3,3,0,5,3,4,0,5,0,0,0,5,4,4,1,4,4,4,4,4,4,1,2,4,3,1,0,3,3,2,3,1,1,2,3,3,2,1,5,2,4,3,5,2,2,4,4,4,4,4,4,3,4,4,4,4,4,2,2,2,2,3,4,NA,0.5,FALSE,FALSE
SbM6fcsHP9,3,3,3,3,2,3,2,2,2,4,2,2,2,5,2,2,2,1,2,4,4,3,5,3,3,4,3,2,2,3,2,3,2,2,2,2,2,3,1,3,2,4,1,3,2,1,4,2,3,2,4,1,3,3,2,1,3,4,2,4,4,2,1,2,4,3,2,1,3,3,3,NA,2.5,FALSE,FALSE
sHlsaC5oln,1,2,2,2,0,3,1,3,2,3,2,3,1,3,2,2,1,3,2,2,4,3,3,2,2,3,4,4,2,3,1,3,1,1,2,1,1,1,2,1,2,2,1,1,1,3,3,1,2,2,3,0,3,3,2,4,2,3,3,1,2,1,2,3,2,1,1,1,1,1,2,3,3,FALSE,FALSE
sJfxVBsVqx,1,3,2,4,3,3,1,3,2,4,1,1,4,3,1,2,1,1,1,1,4,3,3,2,1,2,3,1,3,2,3,0,1,1,0,0,1,3,1,2,2,4,1,1,1,1,3,2,3,4,3,3,1,4,2,4,3,3,2,2,3,4,3,3,3,1,1,2,3,2,3,NA,-2,FALSE,FALSE
Sl2sv2Gqeh,3,3,3,3,3,5,3,3,4,3,2,2,3,5,2,5,2,2,2,2,5,5,5,4,3,5,5,5,5,3,4,5,3,3,0,1,3,2,4,5,4,4,4,2,3,2,5,3,5,4,5,3,3,5,3,4,2,3,0,1,2,2,1,0,2,2,2,2,2,3,1,2,-0.5,FALSE,FALSE
SoNzzbPiZg,2,3,2,3,1,3,1,3,1,1,2,3,4,2,1,2,1,1,1,0,2,3,4,3,2,3,4,1,3,0,1,2,4,4,3,0,2,1,3,3,4,3,1,2,2,1,3,1,3,3,3,1,1,3,1,2,3,2,1,0,3,0,0,1,3,2,2,1,1,0,3,NA,2,FALSE,FALSE
SPYipkoPoE,3,4,5,1,3,2,2,4,3,3,4,4,3,5,2,1,2,2,3,4,4,4,5,1,2,3,2,5,3,3,2,2,4,5,1,3,4,3,3,2,3,2,2,5,5,5,5,5,2,1,5,1,5,4,4,5,0,0,2,2,5,0,0,4,0,2,1,3,2,2,3,3,-2,FALSE,FALSE
SuFb5T8A30,3,2,3,2,2,3,2,2,3,2,3,3,3,4,3,4,2,2,2,2,4,3,3,3,2,3,2,3,3,2,3,3,3,2,2,2,3,3,3,2,3,3,3,2,2,2,4,3,3,3,3,2,2,3,2,3,3,3,2,2,2,2,2,2,3,2,3,3,3,3,3,2,3,FALSE,FALSE
T1VpcghRSg,3,3,3,3,4,2,3,3,3,4,2,3,2,3,2,2,1,2,3,1,3,3,3,2,2,3,2,3,4,1,4,2,3,2,2,2,2,2,3,2,2,2,2,3,3,2,4,3,3,2,4,2,4,3,2,2,3,2,1,1,2,1,0,3,3,2,1,1,2,2,1,NA,0.5,FALSE,FALSE
t3fREejxx8,4,3,4,2,2,3,3,4,3,4,3,4,3,4,1,4,1,1,3,3,5,3,5,1,3,3,4,5,4,1,3,3,2,1,0,1,2,3,3,1,2,4,3,1,3,2,5,2,2,2,5,2,2,4,3,4,3,4,3,3,3,2,3,3,3,2,3,3,2,3,3,1,-2,FALSE,FALSE
t3XqeUW6wA,3,4,3,3,3,4,4,3,3,3,3,3,3,5,3,3,2,2,2,3,3,3,3,3,4,4,3,4,5,2,4,3,2,2,2,3,3,2,3,2,2,2,3,2,2,2,2,3,3,3,3,2,0,1,1,4,1,2,1,2,1,1,2,1,1,1,1,1,1,3,1,1,-2,FALSE,TRUE
TAksqmqAHA,3,3,3,3,3,2,2,3,3,3,2,2,3,4,2,2,3,1,1,2,5,4,5,2,4,4,4,4,3,3,3,3,3,3,0,1,3,1,2,4,3,3,3,2,2,2,4,3,2,3,4,1,2,3,2,1,2,2,1,2,3,2,2,1,4,2,2,3,2,1,3,1,-2,FALSE,FALSE
Tc4NliJTod,3,3,3,3,2,3,3,3,3,3,2,2,3,3,2,2,2,1,2,2,3,3,3,3,3,3,3,3,3,2,2,3,2,3,1,2,3,3,3,3,2,3,3,3,3,2,3,2,3,3,3,3,2,2,2,2,2,3,2,2,2,2,2,2,2,1,1,1,1,2,1,NA,3,FALSE,FALSE
TDeawbtQak,2,2,3,2,2,4,4,2,0,4,2,2,4,4,1,2,1,3,2,2,3,2,3,2,2,4,4,5,4,3,3,2,2,2,1,2,2,2,2,3,2,4,0,2,2,3,2,1,2,1,4,2,1,0,1,4,1,1,2,1,3,0,2,3,3,3,3,2,4,2,1,1,-2,FALSE,FALSE
tDRBy4W9Zl,2,3,2,2,1,3,0,3,3,3,3,3,4,5,2,2,2,2,2,3,3,3,1,4,4,4,3,4,5,1,1,3,3,2,0,0,3,2,3,3,3,3,3,0,1,2,3,0,3,3,2,2,1,3,2,2,2,3,1,2,3,1,2,1,3,1,2,3,3,2,3,1,-2,FALSE,FALSE
th4BTTdejn,3,2,3,2,3,3,3,4,4,4,4,4,3,4,3,3,1,2,4,4,4,4,4,1,4,4,4,4,4,2,3,4,2,3,3,2,3,3,2,3,3,4,4,3,3,2,4,3,3,3,3,2,3,3,2,2,3,3,2,2,3,1,2,2,3,2,1,1,3,2,3,2,-2,FALSE,FALSE
tImka2oJfN,2,3,2,2,2,2,3,2,3,2,3,3,2,4,4,4,1,3,3,3,4,4,1,4,3,3,4,3,3,2,4,3,2,3,3,3,2,3,2,1,2,3,3,2,4,1,3,4,3,2,3,3,2,3,3,2,4,3,2,4,4,4,3,4,3,2,1,2,3,4,3,NA,-2,FALSE,FALSE
TL8HKOr3Zf,3,2,4,2,1,0,4,3,3,3,1,1,3,4,1,2,0,1,1,4,5,3,3,3,2,0,4,3,1,3,1,3,2,1,0,2,3,1,5,1,4,3,2,3,3,1,5,1,2,3,5,1,1,1,0,2,2,0,0,0,1,2,0,0,1,1,1,1,3,3,0,2,-0.5,FALSE,FALSE
TLUnMwBi5l,2,2,3,3,2,2,2,2,2,2,2,3,3,2,3,2,2,2,2,2,3,3,3,3,2,2,2,2,3,3,2,2,2,1,2,2,2,2,3,2,1,2,1,1,1,4,1,1,4,2,1,1,1,4,4,4,4,4,4,4,3,4,4,4,3,1,1,1,1,2,3,1,-2,FALSE,FALSE
TpbcYYSWOW,5,4,5,4,3,5,4,5,5,4,2,3,4,5,0,3,2,0,2,3,5,5,5,1,5,2,5,3,5,2,5,5,2,5,0,0,2,4,5,3,2,5,0,2,3,0,5,5,4,5,5,2,3,5,5,5,5,5,5,3,5,3,5,5,5,0,0,0,0,2,2,1,0,FALSE,TRUE
tpcBuHTdNU,5,3,5,4,3,5,3,5,3,5,5,5,5,5,5,5,0,2,5,5,5,5,5,3,3,3,5,5,4,3,2,3,2,5,0,2,3,3,0,0,5,5,5,2,2,5,5,2,4,0,5,3,3,2,1,0,3,1,5,0,2,1,1,0,4,1,1,2,3,3,3,NA,-2,FALSE,FALSE
TR2w4HENvP,2,2,2,3,2,2,2,2,2,3,3,3,3,3,3,2,3,2,3,3,3,3,3,3,3,2,3,3,2,3,2,2,1,3,1,1,2,1,2,2,2,3,2,2,1,3,2,2,2,2,2,2,2,1,1,3,1,2,1,1,2,1,1,1,1,1,1,2,1,2,1,NA,-2,FALSE,FALSE
Truv1wIySq,2,2,3,2,2,2,1,3,3,2,3,2,3,3,3,4,0,2,2,3,3,3,3,1,3,3,2,3,2,2,2,3,2,2,1,2,2,3,3,2,2,2,3,2,2,2,3,1,3,3,3,2,2,3,2,3,3,3,3,2,2,3,2,2,3,2,3,3,3,4,3,NA,-2,FALSE,FALSE
tvK5iu2cAC,2,3,1,2,3,2,3,3,2,2,2,3,3,2,3,3,2,5,2,3,4,3,3,4,3,2,2,3,0,3,3,4,3,3,2,2,3,2,3,1,1,4,2,2,3,2,2,2,3,3,1,3,3,2,0,3,2,3,4,3,5,0,4,4,3,2,1,3,2,2,3,NA,0,FALSE,FALSE
TVnxSFaRx9,4,3,4,4,3,3,3,4,3,4,4,4,3,5,4,4,1,1,2,3,5,4,4,4,4,3,3,4,3,3,2,4,3,3,2,1,3,4,2,2,2,4,3,2,2,2,4,2,3,4,4,3,2,4,4,4,4,5,4,3,4,4,3,4,4,1,3,3,2,3,3,NA,-2,FALSE,FALSE
tw5W7Qbtj0,2,2,3,3,3,2,2,3,3,3,3,3,3,3,2,2,2,2,2,2,3,3,3,2,3,3,3,3,3,2,3,2,3,2,2,2,3,3,3,2,2,3,3,3,3,2,3,3,3,3,3,3,3,3,3,3,3,3,3,3,3,3,2,2,3,1,2,2,2,3,2,2,-2,FALSE,FALSE
tw6WyLKUjk,3,2,3,2,2,2,3,3,3,3,3,3,3,3,3,3,2,3,3,3,3,3,3,2,3,3,2,3,2,3,2,3,3,2,3,2,3,3,3,2,2,2,3,3,3,2,3,2,2,3,3,2,3,3,3,4,3,3,3,3,3,2,3,3,3,1,2,2,2,4,1,2,1.5,FALSE,FALSE
Txow5rWPy0,3,2,3,3,2,4,3,3,4,2,2,3,3,3,2,2,1,2,2,3,4,4,3,3,3,4,3,4,4,1,2,3,2,1,1,1,1,3,0,1,1,2,3,3,3,1,2,2,3,3,2,3,3,2,1,3,1,2,2,2,1,1,1,2,2,1,3,2,3,2,3,1,1,FALSE,FALSE
Ty5Nj7Q7qy,3,3,3,3,4,2,4,3,4,3,3,3,3,4,3,3,2,2,2,3,5,4,5,1,4,3,3,4,4,3,5,4,3,2,2,2,3,3,3,3,2,2,3,4,3,1,5,5,3,3,5,3,4,4,4,3,4,4,3,3,4,3,4,4,4,1,1,2,2,1,3,2,0,FALSE,FALSE
TYESeRLpLx,3,2,3,3,3,3,2,1,2,2,0,2,2,3,0,2,0,2,1,2,4,3,3,4,4,3,5,4,2,3,2,4,3,4,0,4,3,2,2,3,3,4,3,0,2,3,2,3,2,0,1,3,2,2,2,2,2,1,1,2,2,1,3,3,2,0,0,0,2,3,0,NA,-2,FALSE,FALSE
U1n5mct7S5,1,2,1,1,1,3,0,3,2,2,1,3,1,2,3,3,2,3,2,2,1,1,1,2,1,2,3,3,0,2,0,1,0,4,2,1,1,0,1,2,1,1,3,1,1,1,3,2,2,2,3,1,2,2,2,3,2,3,2,1,3,2,2,3,2,2,3,3,3,4,4,NA,-2,FALSE,FALSE
UbjSMyY3Yv,0,1,3,4,1,0,1,0,1,1,0,1,4,2,0,0,5,5,0,2,3,3,3,1,4,1,2,2,5,0,2,1,0,3,0,0,0,1,0,4,0,0,1,0,0,5,2,0,2,0,0,0,5,2,0,1,1,1,1,0,2,1,1,1,1,1,1,1,1,3,3,NA,-2,FALSE,FALSE
uEIvFLtZoi,4,3,4,3,4,3,3,3,3,3,3,3,4,4,2,2,2,1,2,2,5,4,5,4,5,4,3,3,3,2,4,3,4,3,1,1,4,4,4,3,4,4,3,3,2,1,4,4,4,2,3,4,4,3,3,3,3,3,2,2,3,3,2,3,3,3,3,3,2,2,3,NA,-2,FALSE,FALSE
Uf8FnTVt3p,3,2,4,4,0,5,0,2,4,0,3,2,2,4,3,2,4,1,3,0,5,4,5,4,3,5,5,4,1,4,2,3,2,1,0,0,2,3,3,2,5,3,4,2,2,2,3,2,1,0,3,0,4,0,0,3,4,0,1,0,0,0,0,0,3,0,2,3,1,3,3,NA,3,FALSE,FALSE
ugl0jsRbNC,3,3,4,3,2,4,3,4,3,4,3,3,3,4,2,2,3,2,2,1,5,4,4,1,5,4,4,4,4,2,3,5,3,2,1,1,3,2,3,2,1,2,3,3,1,2,3,2,3,2,4,2,1,4,2,3,3,3,2,2,3,2,2,3,2,2,3,3,3,2,3,2,0,FALSE,FALSE
uHEjgmMMkZ,5,2,2,2,0,2,3,3,5,3,5,3,3,5,5,3,0,1,1,2,0,0,5,4,0,0,0,0,3,1,4,5,2,2,2,1,4,5,3,5,2,4,5,4,1,3,4,1,3,4,4,1,1,4,3,4,3,4,1,3,3,3,3,3,3,2,1,3,3,2,3,1,-1,FALSE,FALSE
Ui7JHRvEE5,2,2,3,2,2,2,2,2,2,2,3,2,3,4,3,2,2,2,3,2,4,5,4,3,3,5,4,5,5,3,3,4,2,3,2,2,2,2,3,3,3,2,2,2,2,3,2,2,2,2,3,2,3,1,2,2,2,2,3,2,2,2,1,2,2,1,1,1,1,1,2,1,-2,FALSE,FALSE
UIdpdp5uyW,1,3,4,1,1,1,3,4,3,3,2,2,4,4,1,3,2,1,1,1,2,2,1,1,1,3,3,2,2,2,1,3,2,3,3,1,1,1,2,2,2,3,2,2,1,2,4,0,2,1,4,2,0,2,1,3,1,3,0,3,2,3,1,3,2,3,3,3,3,2,3,NA,-2,FALSE,FALSE
uLlFAYeZox,2,2,3,2,2,2,2,2,2,3,3,3,2,3,2,2,2,2,3,2,4,4,4,1,4,3,3,3,3,4,1,1,2,3,3,2,3,3,2,2,3,3,3,4,2,2,4,4,2,3,3,3,2,2,2,2,2,2,3,2,2,2,2,2,3,1,1,1,1,0,0,1,-2,FALSE,TRUE
UmpBYIjUdl,3,4,2,4,3,3,3,3,3,4,3,3,3,4,3,3,2,1,3,3,3,3,4,3,2,3,3,3,3,4,3,3,3,2,1,3,3,3,3,2,2,2,3,3,3,2,3,3,3,3,4,3,4,3,3,3,3,3,4,3,3,3,3,3,3,3,3,3,3,3,3,1,-2,FALSE,FALSE
UpJavpJjcE,2,3,3,4,0,3,3,3,3,4,2,2,4,5,0,1,1,0,0,1,3,3,3,3,0,3,1,3,4,1,0,0,3,3,1,2,2,1,1,1,3,2,3,1,0,1,3,1,3,2,2,0,3,3,4,1,2,4,2,2,3,1,1,3,3,3,3,2,3,1,1,1,-2,FALSE,FALSE
URtGYUHBPt,3,4,3,4,5,4,2,3,4,2,3,3,4,3,2,1,2,1,2,1,4,4,4,5,2,3,2,4,5,1,4,4,4,4,0,1,4,4,4,4,4,5,3,2,2,0,4,3,3,3,4,2,3,3,2,3,3,3,2,2,3,2,2,3,2,1,1,2,3,2,2,2,0,FALSE,FALSE
uUfPL4JcDb,2,2,3,2,1,3,1,3,3,2,2,2,2,2,3,3,2,2,2,2,4,3,3,3,4,4,2,3,3,1,2,4,3,1,1,2,3,3,3,2,3,2,2,2,1,2,4,2,3,3,3,3,1,3,3,4,3,3,3,2,3,3,2,2,3,1,2,3,2,3,2,3,-2,FALSE,FALSE
v9BWKdKVcj,3,2,3,3,2,1,5,4,3,2,2,1,3,3,2,3,3,1,1,2,3,4,4,3,2,3,4,5,5,1,4,3,3,4,3,1,3,2,4,3,4,4,3,3,4,3,5,5,4,3,5,2,3,3,2,1,3,4,1,0,4,1,1,1,4,1,2,1,3,4,3,2,2.5,FALSE,FALSE
Va5ckik4TH,3,2,3,3,2,2,4,4,4,3,3,1,3,3,3,3,2,4,4,2,3,3,4,4,3,4,1,3,4,3,3,3,5,1,3,5,5,3,1,1,0,1,3,3,5,4,3,3,3,3,5,5,0,2,3,3,3,4,3,2,2,3,2,3,2,2,2,2,3,1,2,NA,1.5,FALSE,TRUE
vCoMoN0nxn,3,3,3,3,5,3,3,3,4,3,2,2,4,3,2,2,2,2,2,3,5,5,5,5,5,5,3,4,5,2,5,5,3,3,2,2,3,3,3,3,3,3,4,2,3,2,5,5,4,4,5,4,4,3,2,3,2,3,2,2,3,3,2,3,3,3,3,3,2,2,3,1,2.5,TRUE,FALSE
vEy2fO8h49,4,4,4,1,2,5,5,4,5,4,3,4,3,5,4,4,2,4,4,3,5,4,3,4,3,4,5,5,2,1,3,4,3,1,2,2,4,3,3,3,2,4,4,4,4,1,4,2,4,4,4,3,4,4,4,4,4,5,3,4,4,4,5,4,5,3,4,3,3,3,3,2,-2,FALSE,FALSE
vfRPyGQCZx,3,3,3,3,3,3,3,2,3,3,3,2,2,2,3,2,2,3,2,2,2,2,4,1,3,2,2,2,2,2,2,3,3,1,2,2,3,2,1,3,3,3,2,3,2,3,3,3,2,3,2,2,2,3,3,3,3,3,3,2,3,2,3,3,2,2,2,2,2,3,2,NA,0,FALSE,FALSE
VHr730jB8J,2,3,3,3,2,2,1,2,3,2,2,1,3,2,2,2,2,2,2,1,3,2,4,3,2,2,1,2,2,1,1,2,2,1,1,1,1,2,1,1,1,1,2,1,1,2,4,2,2,2,3,2,1,3,1,3,3,3,1,1,1,1,3,1,3,2,2,2,2,3,2,NA,-2,FALSE,TRUE
vI436RuanV,3,2,2,3,1,2,2,4,3,4,2,2,3,2,2,0,2,2,2,3,2,2,3,3,1,3,2,3,3,1,3,3,4,3,1,1,3,3,3,4,3,4,3,2,2,2,4,2,3,3,3,2,1,3,0,0,0,3,0,0,4,2,2,2,2,1,1,1,3,3,1,1,0.5,FALSE,FALSE
vIv6OrKoz2,2,3,2,3,0,2,2,3,3,2,2,0,2,0,0,2,1,1,0,2,4,1,4,2,4,3,1,3,3,4,2,2,1,2,0,0,0,0,1,2,1,1,0,0,2,3,5,0,4,2,4,2,0,3,3,5,1,4,1,3,3,0,3,3,3,0,0,0,0,1,1,NA,-2,TRUE,FALSE
VmKpYnqgjR,3,2,3,3,1,2,2,3,3,3,3,3,2,5,3,3,0,2,2,2,5,3,3,4,5,3,4,4,4,2,1,4,3,3,0,0,2,2,2,2,1,5,4,2,1,1,3,0,3,1,4,2,0,3,2,0,3,3,2,0,3,0,0,3,3,0,1,2,1,3,4,2,3,FALSE,FALSE
VmsMuFbeaR,1,0,2,4,4,3,0,4,2,3,2,4,1,4,3,3,0,2,3,3,4,3,4,2,4,2,4,4,3,1,3,1,4,4,4,4,3,4,1,2,3,3,1,1,0,2,3,1,0,1,3,1,4,1,1,4,1,1,2,0,0,0,1,0,1,1,0,0,2,2,3,NA,-2,FALSE,FALSE
vPIgtYfajs,4,3,3,4,4,3,4,3,3,3,4,2,3,4,2,2,2,2,2,4,4,4,4,3,2,4,2,3,3,2,4,4,3,3,2,2,3,4,4,2,3,3,3,4,4,2,4,4,2,3,4,2,3,3,3,3,2,3,2,2,3,3,2,3,4,1,1,1,2,1,3,1,2.5,FALSE,TRUE
VSZgUioqaq,2,2,3,3,1,3,3,4,3,2,2,1,3,4,1,1,1,1,1,1,3,4,3,3,3,4,4,4,5,1,1,4,3,4,1,1,1,2,2,4,4,3,3,2,1,2,5,1,3,3,5,2,2,2,1,1,1,2,1,1,1,1,1,2,2,2,3,3,1,2,3,1,0.5,FALSE,FALSE
vu5FArxzrO,3,3,3,3,2,4,4,3,4,4,3,2,4,5,2,1,3,1,2,2,5,4,4,4,5,4,5,5,4,2,1,5,2,1,1,2,2,3,3,3,1,2,4,4,4,2,4,1,3,2,4,2,3,4,3,4,3,3,3,1,4,1,3,4,4,3,3,2,3,3,3,1,0,FALSE,FALSE
vUE4WM0a6y,3,1,3,5,2,3,4,4,4,3,1,1,4,3,4,1,1,1,1,1,5,4,5,4,2,4,4,5,3,3,4,4,4,4,1,1,4,3,4,1,4,3,4,3,2,1,4,4,4,4,4,3,1,4,4,3,3,4,4,5,4,1,0,3,3,2,2,3,1,3,3,2,2.5,FALSE,TRUE
vvkJsLuJxS,1,2,3,3,2,2,3,3,1,2,1,1,2,1,1,1,3,2,1,2,4,3,2,3,2,3,4,4,3,3,3,3,3,3,2,1,1,2,4,3,2,2,1,2,3,3,2,2,2,1,3,2,4,3,3,3,3,2,1,2,3,4,3,3,3,2,2,2,1,2,2,NA,-2,FALSE,FALSE
vw4j3MUisA,3,2,3,2,3,3,2,3,4,3,4,2,1,4,3,3,3,1,2,4,5,5,5,1,5,4,2,5,5,2,5,5,3,4,1,2,3,1,4,3,3,5,3,2,2,1,5,3,3,4,5,3,5,4,1,2,2,3,3,1,2,5,2,3,4,3,3,3,2,1,3,2,-2,FALSE,FALSE
vynBhGBi1s,4,4,1,1,4,4,4,4,4,4,4,3,4,4,4,4,1,2,2,4,3,3,3,2,3,3,3,2,3,2,3,3,4,1,4,4,4,4,1,1,1,4,4,4,4,1,5,4,4,4,4,4,1,4,4,4,4,4,3,4,4,4,4,4,4,1,1,1,1,1,1,NA,2.5,FALSE,FALSE
VZCowHra3g,2,4,2,5,1,2,1,4,4,4,0,4,4,5,1,4,0,2,2,3,5,3,3,3,3,0,1,4,0,0,2,1,3,3,2,1,3,2,2,5,4,4,4,2,2,1,3,0,1,1,4,0,1,2,1,4,1,2,1,0,4,0,0,0,0,0,1,0,0,0,2,1,-2,FALSE,FALSE
W1RnB5KtU0,4,4,3,3,4,4,4,4,4,4,4,3,3,4,3,3,1,2,3,3,5,4,3,4,3,4,5,4,3,3,3,3,2,2,2,3,2,4,1,1,2,3,3,4,3,2,5,3,4,4,3,4,3,2,4,4,3,4,3,2,4,3,3,3,4,2,2,2,1,1,1,1,2,FALSE,FALSE
w72qDVN8wg,2,2,3,2,0,3,2,2,0,3,2,2,2,3,2,1,1,4,2,2,4,2,2,2,1,3,2,2,2,1,1,2,2,1,0,0,2,2,3,1,1,2,0,2,0,1,4,1,4,0,4,2,4,1,0,3,0,0,1,0,0,0,0,0,0,0,0,3,0,0,0,NA,-2,FALSE,FALSE
wAdOTkqcVB,4,3,4,4,2,3,2,4,4,4,3,4,4,5,1,1,1,1,1,4,5,5,5,4,4,4,5,4,4,5,4,4,3,1,0,0,3,3,1,0,0,0,5,1,2,0,5,1,3,3,5,1,3,5,3,5,3,3,5,3,5,3,0,3,5,3,3,3,3,1,3,2,-2,TRUE,TRUE
WBFnN7QijX,3,4,3,3,3,4,3,4,3,3,2,3,3,4,3,3,0,2,3,4,4,4,3,3,4,4,3,4,3,1,4,4,2,1,2,1,1,3,2,2,2,2,3,2,2,1,5,3,4,3,4,2,1,3,2,3,3,3,1,1,2,2,1,2,3,1,0,1,2,1,3,NA,0.5,FALSE,FALSE
wBx9EfPRNm,3,2,3,2,2,3,2,3,4,3,2,2,3,4,2,3,3,2,2,3,4,4,4,4,3,3,4,4,4,3,3,4,3,2,1,2,3,3,2,2,3,3,3,3,2,3,3,2,3,3,2,3,3,3,3,3,3,3,3,3,3,2,3,3,2,1,2,1,1,2,3,1,-2,TRUE,TRUE
wC9vzfHz9r,2,4,2,3,3,3,4,3,5,2,2,3,3,5,2,3,1,2,2,1,4,4,5,5,2,4,3,5,5,2,3,2,4,4,0,1,4,0,3,5,3,5,4,3,2,0,5,3,3,4,4,2,3,3,2,4,1,3,1,1,3,2,1,2,1,0,1,1,0,1,2,1,-1,FALSE,FALSE
Wd9c3i4uAE,4,4,1,1,0,4,5,5,0,4,5,3,3,2,3,2,0,5,2,5,5,5,0,3,5,5,5,5,3,0,3,5,2,2,5,3,3,2,2,0,3,5,5,0,3,0,5,0,0,0,2,5,5,4,4,2,4,2,3,1,4,2,2,4,2,2,2,1,1,0,2,1,-0.5,FALSE,FALSE
WeT99tUzeG,3,4,4,4,3,4,3,3,2,3,2,2,3,5,2,1,2,1,2,2,5,5,5,5,3,4,2,3,4,0,5,3,3,1,2,1,3,3,2,1,2,3,1,4,3,1,5,4,4,3,5,3,0,3,3,5,4,4,1,3,3,3,1,4,4,2,2,2,2,4,3,NA,0,FALSE,FALSE
WHdkQk72cE,4,1,4,1,0,4,2,3,3,4,2,1,4,4,2,3,0,0,1,3,4,5,5,4,4,5,5,5,4,2,2,5,3,2,1,0,2,3,4,1,2,2,4,1,2,0,5,2,2,4,4,0,1,3,2,3,1,3,1,1,4,2,1,2,1,3,2,4,0,3,4,1,-2,FALSE,FALSE
wKRNI6mFmA,3,4,5,4,3,4,4,4,3,3,5,5,5,5,4,4,0,3,5,4,5,5,5,4,5,4,4,5,5,3,4,5,4,3,1,2,4,3,4,4,4,4,2,3,2,1,5,3,3,4,5,3,0,3,4,4,3,3,2,4,3,4,2,2,4,3,3,2,3,3,3,3,0.5,FALSE,FALSE
wL1uDbjB9E,3,3,2,2,3,3,3,3,3,3,3,3,3,3,3,3,2,3,3,3,3,3,3,3,3,3,3,3,3,2,3,3,3,2,2,3,3,3,3,2,2,3,3,3,3,2,3,3,3,3,3,3,2,2,2,2,2,2,2,2,2,2,2,4,2,2,2,2,2,1,2,NA,3,FALSE,FALSE
WlvX1C1Cty,2,3,3,3,2,2,1,3,3,4,3,3,3,5,1,1,3,2,2,3,4,4,4,4,1,2,4,3,2,3,2,1,2,0,1,1,2,2,2,1,1,2,2,3,2,2,5,1,2,2,4,2,3,2,2,2,2,4,2,1,2,1,2,3,3,1,2,3,1,1,3,1,0,FALSE,FALSE
WLXinkAQgY,3,4,4,4,3,3,3,3,3,3,3,3,3,4,3,3,2,4,3,2,4,3,3,3,3,3,3,3,3,2,3,3,3,1,1,4,3,3,3,2,2,2,3,3,1,1,1,1,3,4,2,1,2,4,4,3,3,3,2,1,3,1,3,3,3,0,1,2,1,3,4,4,-2,FALSE,FALSE
WNYnXcivgX,3,3,2,2,2,3,2,3,2,3,2,3,2,3,3,3,2,3,2,2,4,4,3,4,4,4,4,4,4,4,2,4,3,3,2,3,4,3,1,2,3,3,3,1,1,2,2,2,4,3,2,3,3,3,3,2,3,3,2,3,2,3,2,3,3,2,2,2,2,2,2,2,1.5,FALSE,FALSE
Wr9gIWKrsy,0,0,5,5,0,0,0,0,0,0,0,0,5,0,0,5,5,0,5,0,0,0,5,0,0,0,0,0,0,5,0,0,0,5,0,0,0,0,5,5,5,0,0,0,0,5,0,0,0,0,5,0,5,0,0,0,0,0,5,0,0,0,0,0,0,0,0,0,0,0,0,2,-2,TRUE,FALSE
WtjTWDPc9L,4,4,2,3,0,3,2,1,4,4,3,1,1,3,2,2,4,1,1,1,4,4,4,1,1,4,5,4,4,0,5,4,2,0,1,0,2,1,1,1,4,2,2,2,2,4,2,1,0,2,3,1,2,4,2,4,3,1,3,2,2,1,1,1,2,1,1,0,1,2,1,NA,0,FALSE,FALSE
WXDrmipBND,4,3,4,4,3,5,5,4,4,4,4,3,3,4,3,4,1,3,4,4,5,5,5,1,4,4,5,4,4,3,4,4,3,0,1,3,2,3,3,1,1,3,3,1,1,1,3,1,3,2,3,1,1,4,3,4,3,3,3,2,3,3,2,3,3,2,3,4,4,4,4,2,-2,FALSE,FALSE
X1D8zzWuCf,3,3,2,2,3,3,3,2,3,3,3,3,3,2,2,3,3,3,2,3,3,3,3,3,2,2,3,3,3,2,3,2,3,2,3,3,2,2,2,2,3,3,3,4,2,2,4,2,2,3,3,3,0,3,2,3,3,2,2,3,3,2,1,3,3,2,3,4,3,3,3,1,-2,FALSE,FALSE
x1Qmew2slZ,4,4,1,1,1,4,4,4,4,4,4,4,4,4,4,4,1,4,4,4,4,4,2,4,4,4,4,4,4,1,4,4,3,2,3,3,3,3,1,1,2,1,4,4,4,1,4,4,4,3,2,4,1,4,4,4,4,3,1,4,4,4,4,4,4,3,3,3,3,2,4,2,-2,FALSE,FALSE
X5xcxJ7jXT,3,3,2,2,3,3,3,3,3,3,2,3,3,3,3,3,2,3,4,3,3,3,2,3,3,3,2,3,3,2,3,3,3,2,3,2,3,3,2,2,2,3,3,3,2,2,3,3,2,3,3,3,2,3,3,2,3,3,3,3,3,3,3,3,3,3,3,3,2,3,1,NA,-0.5,FALSE,FALSE
XBGJeeJbXe,4,2,3,3,2,1,3,3,4,2,3,3,2,4,2,3,1,2,2,1,4,3,3,4,4,3,3,3,3,3,2,3,3,4,2,1,3,3,3,3,3,4,3,2,3,2,3,2,0,3,3,3,3,2,1,1,1,2,2,1,1,1,1,1,1,2,3,3,2,4,3,2,0,FALSE,FALSE
xc1KEfeytQ,4,1,2,3,1,4,3,3,2,3,2,3,3,3,2,3,0,1,3,3,5,4,4,1,2,4,4,4,5,3,4,4,2,3,1,1,3,2,2,3,2,2,3,3,3,2,5,2,3,2,5,2,4,3,3,4,2,4,2,1,4,3,1,3,3,1,1,1,0,2,2,1,0.5,FALSE,FALSE
XdLby6vUTB,3,4,3,4,3,4,3,3,3,3,3,4,2,4,3,3,0,3,2,4,5,4,3,3,5,4,3,4,5,2,2,4,1,1,1,1,2,1,3,2,2,3,3,2,3,1,5,4,4,3,5,2,1,3,3,4,3,4,3,3,4,1,3,3,4,3,3,3,3,2,4,3,-2,FALSE,FALSE
xh3sbG2HTT,3,1,3,1,1,4,1,3,3,4,2,3,3,4,0,5,0,1,0,1,5,4,4,2,4,5,1,4,4,0,1,3,2,1,0,1,3,3,1,1,1,2,3,1,0,1,4,2,3,1,3,1,1,1,1,3,1,1,1,0,0,3,0,2,3,1,0,2,3,1,3,NA,-2,FALSE,FALSE
xJtxFlSesn,3,3,4,3,4,3,2,3,3,2,3,3,3,3,2,2,2,2,2,2,4,4,5,3,3,3,3,3,2,2,5,2,3,2,1,2,2,3,3,2,2,3,3,1,3,2,3,4,3,2,2,0,3,3,2,4,2,2,2,2,3,2,2,2,2,2,1,3,3,3,3,NA,0.5,FALSE,FALSE
xMiZtti24v,2,2,3,3,2,2,3,3,2,3,3,3,3,3,2,2,2,2,3,2,4,3,2,3,3,3,2,3,3,2,2,2,2,2,3,2,2,2,2,2,1,2,2,2,2,2,4,2,2,2,3,2,1,3,2,3,3,3,4,2,2,3,2,2,4,2,2,1,3,1,3,1,-2,FALSE,FALSE
XO0csCPs5c,2,2,3,3,3,1,2,2,2,1,3,2,3,2,4,4,2,3,3,2,3,3,4,3,3,3,3,4,3,1,3,3,2,2,3,2,1,2,2,2,2,1,3,1,2,3,3,2,3,1,4,3,2,1,0,2,3,0,0,2,1,1,1,1,0,0,1,1,1,1,3,3,1.5,FALSE,FALSE
XSdtOJAsP0,3,3,3,3,3,3,2,3,3,3,3,2,3,3,3,2,2,3,2,3,3,3,4,1,3,3,3,3,3,2,4,3,3,3,2,2,3,3,3,3,3,3,2,2,2,2,3,3,2,3,3,3,2,2,2,4,2,2,2,2,2,2,1,1,2,2,2,3,3,3,2,NA,-2,FALSE,FALSE
xvdk1i52gn,2,3,2,3,2,2,3,2,3,2,3,3,3,2,2,3,2,3,3,3,4,4,4,4,4,2,3,4,3,1,1,3,1,1,2,3,1,2,2,2,2,2,2,2,3,3,2,2,2,2,3,3,2,4,4,4,4,4,5,4,5,4,3,4,4,3,3,3,3,3,3,2,-2,FALSE,FALSE
xXi9ShtafD,4,4,5,4,3,4,4,4,3,3,4,4,5,5,3,4,1,1,3,4,5,5,5,5,5,4,4,4,4,2,3,4,3,2,2,2,2,3,3,2,2,3,4,2,2,0,5,3,4,3,5,3,4,4,2,4,3,2,3,4,3,4,3,3,4,1,2,2,2,3,3,1,-0.5,FALSE,FALSE
y95ylFGC9g,5,5,0,5,5,5,5,5,5,2,4,5,4,5,5,4,0,1,4,5,5,5,5,1,5,4,5,5,3,4,5,5,5,1,2,2,5,5,0,3,1,0,2,4,2,1,5,5,4,4,5,4,4,3,1,1,1,4,3,4,3,1,4,3,3,0,0,0,0,1,2,3,3,FALSE,FALSE
YBmZqtI7KQ,2,2,2,4,0,4,1,2,3,2,2,3,2,4,2,2,1,2,1,3,5,2,4,4,5,3,3,3,4,0,2,3,1,2,0,2,1,2,1,2,1,3,3,1,1,0,4,0,3,2,4,0,2,4,2,2,3,3,1,2,4,4,2,0,0,0,0,2,1,3,0,2,0,FALSE,FALSE
YbQUaT5L2x,3,3,3,3,3,3,3,4,3,3,3,2,3,4,2,2,3,2,2,2,3,3,4,3,3,4,5,5,4,4,3,3,3,3,1,2,3,2,2,2,3,4,3,3,3,2,4,3,3,3,3,3,3,3,3,3,3,3,3,3,3,3,3,3,3,2,2,2,2,2,3,NA,-0.5,FALSE,FALSE
yDEk3CdIeW,3,3,2,2,3,3,3,3,3,3,3,3,3,4,3,3,2,3,4,4,3,3,2,3,3,3,3,3,3,1,3,4,3,2,3,3,3,4,2,2,2,3,3,3,3,2,3,3,3,3,2,3,2,3,3,3,3,3,2,3,3,3,4,3,3,3,3,3,3,3,2,2,-0.5,FALSE,FALSE
ydltv5euoY,3,1,3,2,1,2,2,2,3,4,2,2,1,4,1,1,3,2,1,2,4,4,4,1,3,4,4,4,2,4,1,3,3,4,1,2,3,1,2,4,4,4,2,1,2,2,3,1,3,2,3,0,3,2,2,3,1,2,1,0,1,2,0,2,2,1,1,1,2,1,2,1,-2,FALSE,FALSE
YgDElYfvE0,3,4,3,3,2,2,2,4,2,3,2,3,3,3,2,3,2,2,2,2,3,3,3,3,2,2,0,3,4,0,2,2,2,3,2,1,2,2,2,3,3,2,2,2,2,2,3,2,2,3,3,2,2,2,2,2,3,2,2,2,3,2,3,2,3,3,3,3,3,2,3,2,-2,FALSE,FALSE
yJsQQBfQez,3,3,2,2,3,3,3,3,3,3,3,3,3,3,3,3,2,3,3,3,3,3,2,2,3,3,4,3,3,2,3,3,3,2,3,3,3,3,2,2,2,3,3,3,3,2,3,3,3,3,2,3,2,3,3,3,3,3,4,3,3,3,3,3,3,0,0,0,0,0,0,NA,-2,FALSE,FALSE
yKRggPRMUp,4,4,3,3,3,4,3,4,3,3,4,3,4,4,4,4,1,2,1,3,3,4,4,1,3,4,5,4,4,3,3,3,3,0,4,4,2,3,3,2,3,1,4,3,2,2,5,3,3,3,5,3,2,4,4,3,3,4,4,2,3,3,3,4,3,3,3,3,1,3,3,1,-2,FALSE,TRUE
yLa0J5HdQd,2,3,2,3,2,2,3,3,2,3,3,2,3,3,3,3,3,2,3,3,3,3,3,3,3,3,4,3,3,1,3,2,3,2,0,1,2,0,1,2,3,5,3,2,3,1,5,2,3,2,3,0,3,2,3,3,2,3,2,2,5,3,3,3,3,1,1,2,3,2,1,NA,-2,FALSE,FALSE
yNqSRBjRWk,4,4,3,4,1,2,4,4,3,5,4,4,3,4,4,5,0,2,3,5,4,4,3,4,4,4,4,5,4,3,4,4,4,1,2,4,3,4,3,1,3,4,4,5,2,1,5,2,3,4,5,4,4,3,2,4,4,4,1,3,4,2,4,4,3,3,3,4,4,3,3,1,-2,FALSE,FALSE
yQHckuQMbN,3,4,4,2,4,4,4,4,4,4,4,4,4,5,3,4,1,3,3,4,5,4,4,2,3,5,4,5,4,1,4,4,3,2,1,4,3,3,3,1,4,4,1,4,2,2,4,3,4,2,4,3,3,4,3,4,4,4,2,3,4,4,2,4,4,2,3,3,1,3,3,2,-2,FALSE,FALSE
ySeMlxd4vL,3,3,2,2,2,3,3,3,3,3,2,2,3,3,3,3,3,2,2,2,3,3,3,2,3,3,3,3,3,2,2,2,1,1,1,2,1,2,1,2,1,1,3,2,1,1,1,1,3,3,1,1,1,2,3,2,1,3,3,2,3,1,2,3,2,2,1,2,1,2,2,NA,-2,FALSE,FALSE
YVVSLbcp13,2,1,3,1,2,2,2,2,4,2,1,4,1,1,1,1,1,4,1,4,1,1,3,1,1,1,4,4,1,4,1,4,1,1,1,1,1,2,4,1,1,1,1,2,1,1,4,2,1,1,5,1,3,2,3,4,4,3,2,3,3,3,3,3,3,1,3,3,2,1,3,3,2.5,FALSE,FALSE
YZhJwKfDWQ,4,4,5,3,1,3,3,3,3,3,3,2,4,5,2,1,1,1,3,1,5,5,5,5,5,3,5,5,4,2,2,5,4,3,1,2,3,2,4,3,2,4,3,3,4,1,4,1,3,3,4,2,5,3,2,4,1,4,1,2,3,1,2,1,2,3,3,3,1,4,1,2,0,FALSE,FALSE
yzsKhZTniG,4,4,5,5,4,3,3,4,4,5,2,2,3,5,0,3,4,0,0,3,5,4,5,4,3,4,3,4,5,1,5,4,2,2,1,1,2,3,3,2,2,2,4,2,3,2,5,4,3,3,5,3,3,5,4,5,4,5,5,3,5,4,4,5,5,3,3,3,3,2,3,4,1.5,FALSE,FALSE
Z38BmiAK3J,2,3,2,5,2,3,2,2,0,4,1,1,3,3,0,0,0,1,1,0,3,4,4,3,3,3,3,2,3,3,2,2,2,3,2,2,2,2,2,2,2,2,0,0,1,2,3,2,2,1,2,0,3,3,2,3,3,3,1,3,1,3,1,3,3,2,2,3,3,1,3,1,-2,FALSE,FALSE
z5y4VEoG26,4,3,3,3,4,4,4,5,4,4,3,4,4,4,4,4,2,2,3,4,4,4,5,4,4,4,1,3,4,4,4,4,3,1,2,4,2,3,3,1,1,2,4,3,4,1,3,3,4,4,4,3,4,4,4,4,4,4,3,4,4,4,4,4,4,3,3,4,4,4,3,1,0.5,FALSE,FALSE
z6iopvzvjy,3,3,2,2,3,3,3,3,3,3,3,3,3,3,3,3,2,3,3,3,3,3,2,3,3,3,3,3,3,2,3,3,3,2,3,3,3,3,2,2,2,3,3,3,3,2,3,3,3,3,3,3,2,3,3,3,3,3,2,3,3,3,3,3,3,2,2,2,2,2,2,NA,-2,FALSE,FALSE
Z7gazDSeSn,4,2,4,2,2,3,4,4,3,3,4,3,3,5,3,3,2,2,2,3,4,4,4,4,5,4,4,4,4,2,2,4,4,4,1,1,4,4,4,3,4,4,4,4,4,1,4,2,4,4,4,4,4,3,1,2,1,2,0,1,3,1,2,2,3,1,3,3,1,3,3,1,-0.5,FALSE,FALSE
zaUXaRbwlT,3,2,3,2,2,1,2,3,3,3,2,2,2,3,2,1,1,1,1,3,3,3,4,4,1,2,3,3,2,2,2,3,1,1,1,1,1,2,2,1,1,2,2,2,3,2,1,2,2,2,1,2,1,3,3,4,3,3,3,2,3,2,3,3,2,1,1,1,1,1,3,1,-2,FALSE,FALSE
ZBxL6oXiRu,2,3,3,3,2,3,2,3,3,2,2,2,2,3,2,2,1,3,3,2,5,3,3,3,5,2,2,3,3,0,2,2,1,3,1,1,3,3,3,3,3,3,3,2,3,2,3,2,2,3,3,3,1,5,5,3,3,5,3,4,4,3,4,5,5,2,3,3,3,3,2,1,-0.5,FALSE,FALSE
ZFWVAILhG9,2,2,2,2,2,3,2,3,3,3,2,3,3,3,2,4,1,1,2,1,3,3,3,3,2,4,3,3,2,2,3,3,1,1,2,2,2,2,2,2,2,2,2,1,3,0,4,3,4,3,5,2,0,1,1,3,1,1,2,1,1,1,1,1,1,0,1,2,2,1,1,NA,0.5,FALSE,FALSE
zhkne19RKA,2,3,3,2,2,2,3,3,2,3,2,2,3,3,2,2,1,2,2,3,3,3,3,2,3,2,2,3,4,2,2,2,2,2,2,2,2,2,2,1,1,2,3,2,1,4,3,2,2,3,4,2,1,3,3,3,2,2,2,3,4,3,2,3,3,1,2,2,2,3,0,1,0.5,FALSE,FALSE
zjtCvlvebK,3,3,3,4,3,3,3,3,3,3,3,3,3,4,3,3,2,3,3,4,4,4,4,5,3,4,3,4,5,3,5,5,3,2,1,1,3,3,5,0,4,3,3,3,3,2,4,3,3,3,5,4,4,3,3,4,3,3,3,2,3,3,1,3,3,2,2,2,2,3,2,1,-1,FALSE,FALSE
zKUc7c91aC,2,3,3,2,2,2,3,3,2,2,3,2,2,4,2,2,2,2,2,2,3,3,3,3,2,2,3,3,2,3,2,2,2,2,2,2,2,2,2,2,2,2,2,2,2,2,3,2,2,2,2,2,2,3,2,3,2,2,2,3,2,1,1,3,1,1,1,2,1,1,3,NA,-0.5,FALSE,FALSE
zLntwDiKkl,2,2,3,1,3,3,2,3,2,2,1,1,2,1,1,1,1,1,1,1,2,2,2,3,2,2,3,3,2,2,3,3,1,1,1,1,1,2,1,0,0,3,2,2,2,4,3,2,2,1,3,1,3,2,2,3,2,3,1,2,2,2,2,3,2,2,2,2,2,3,2,3,-2,FALSE,FALSE
zREge62I9O,4,4,4,4,3,5,4,4,2,4,4,4,4,4,4,4,2,0,4,4,4,4,5,4,4,4,4,4,4,4,4,4,3,2,1,4,4,4,4,1,4,3,4,4,4,1,4,3,4,4,4,4,4,4,4,4,4,3,4,4,4,4,4,3,4,2,2,2,2,1,3,1,-2,FALSE,FALSE
zSzRvhn5DI,1,2,2,2,0,2,1,3,3,1,2,2,2,3,1,1,2,1,1,1,2,3,4,3,1,1,3,3,1,1,0,2,1,2,0,2,2,2,0,2,1,1,3,1,0,4,3,0,1,3,3,2,3,2,0,3,1,2,1,2,0,0,1,2,4,2,3,3,3,4,3,1,0,FALSE,FALSE
ZTTZ4cRcf1,2,2,2,2,2,2,2,2,2,2,2,2,2,3,2,2,2,3,2,2,2,2,3,3,3,2,2,3,2,3,2,2,2,2,2,2,2,2,3,2,3,2,2,2,2,3,2,2,2,2,2,2,2,3,3,3,3,3,3,2,3,2,3,3,3,2,2,2,2,1,1,1,-0.5,FALSE,FALSE
