emp,p_exp,p_age,p_lvl,p_sex,p_div,q_011,q_025,q_014,q_007,q_047,q_023,q_035,q_021,q_019,q_038,q_002,q_032,q_039,q_013,q_033,q_037,q_003,q_048,q_031,q_045,q_022,q_008,q_044,q_046,q_034,q_030,q_010,q_027,q_024,q_041,q_026,q_028,q_018,q_015,q_017,q_016,q_012,q_005,q_006,q_029,q_004,q_036,q_040,q_043,q_042
emp_0001,От полугода до года,От 26 до 35 лет,Специалист/Менеджер,Мужской,IT,1,1,1,-1,1,1,1,1,1,1,1,1,1,1,1,1,1,1,1,1,1,1,1,1,1,1,1,1,1,1,1,1,1,1,1,1,1,1,1,1,1,1,1,1,1
emp_0002,От 3 до 5 лет,От 26 до 35 лет,Линейный руководитель,Мужской,Operations,1,1,1,1,1,1,1,1,1,1,1,1,-1,1,1,1,-1,0,1,1,1,1,1,1,1,1,1,0,1,1,1,-1,1,1,1,-1,1,1,1,1,1,1,1,-1,1
emp_0003,От года до 3 лет,От 26 до 35 лет,Специалист/Менеджер,Женский,Operations,1,1,1,1,1,1,1,1,1,1,1,1,1,1,1,1,1,1,1,1,1,1,1,1,1,1,1,1,1,1,1,1,1,1,1,0,1,1,1,1,1,1,1,1,1
emp_0004,От года до 3 лет,От 26 до 35 лет,Специалист/Менеджер,Женский,Operations,1,-1,1,1,1,1,-1,-1,-1,1,1,-1,1,1,-1,1,1,1,-1,1,1,1,1,1,1,1,1,1,1,1,-1,1,-1,1,1,1,1,-1,1,1,-1,1,1,-1,1
emp_0005,От года до 3 лет,От 26 до 35 лет,Специалист/Менеджер,Женский,Operations,0,-1,1,0,1,1,1,0,1,1,0,0,0,1,0,1,1,1,1,1,1,1,1,1,1,1,0,-1,1,1,1,0,0,1,1,1,1,1,1,0,-1,1,1,1,1
emp_0006,Более 5 лет,От 26 до 35 лет,Линейный руководитель,Мужской,Marketing,1,1,1,0,1,1,1,1,1,1,1,1,1,1,1,1,1,1,0,1,1,1,1,1,1,1,1,1,1,-1,1,1,1,1,1,1,1,0,1,1,1,1,1,1,1
emp_0007,От года до 3 лет,Старше 35 лет,Специалист/Менеджер,Женский,HR,1,1,1,1,1,1,1,1,1,1,1,-1,1,1,1,1,1,1,1,1,1,1,1,1,1,1,1,1,1,1,1,1,1,1,1,1,1,1,1,1,1,1,-1,1,1
emp_0008,От года до 3 лет,От 26 до 35 лет,Специалист/Менеджер,Женский,Administrative,1,1,1,1,1,1,1,1,1,1,1,1,1,1,1,1,1,1,1,1,1,1,1,1,1,1,1,1,1,1,1,1,1,1,1,1,1,1,1,1,1,1,1,1,1
emp_0009,До полугода,Старше 35 лет,Специалист/Менеджер,Мужской,IT,1,1,1,1,1,1,1,1,1,1,1,-1,1,1,1,1,1,1,1,1,1,1,1,1,1,1,1,1,1,1,1,1,1,1,1,-1,1,1,1,1,1,1,1,1,1
emp_0010,От года до 3 лет,Старше 35 лет,Специалист/Менеджер,Женский,Finance,-1,1,1,1,1,1,1,1,1,1,1,1,1,-1,1,1,1,1,1,1,1,1,1,1,1,1,1,1,1,1,1,1,1,1,1,1,1,1,1,1,1,1,1,1,1
emp_0011,От года до 3 лет,От 26 до 35 лет,Специалист/Менеджер,Мужской,Operations,1,1,1,1,1,1,1,1,0,1,1,1,1,1,1,1,1,1,1,1,1,1,1,1,1,1,1,1,1,1,1,1,0,1,1,0,1,1,1,1,1,1,1,-1,1
emp_0012,Более 5 лет,От 26 до 35 лет,Линейный руководитель,Женский,Operations,1,1,1,0,1,-1,1,1,1,1,1,-1,-1,-1,1,1,1,1,1,1,1,-1,1,0,1,1,-1,-1,1,1,1,1,-1,1,1,0,1,1,1,1,0,-1,-1,-1,-1
emp_0013,От года до 3 лет,От 26 до 35 лет,Специалист/Менеджер,Женский,Operations,1,-1,1,-1,-1,1,1,1,1,1,1,-1,1,1,1,1,0,1,1,1,1,0,1,-1,1,1,-1,-1,1,1,1,-1,-1,1,-1,-1,1,1,1,1,0,0,0,-1,1
emp_0014,От года до 3 лет,До 25 лет,Специалист/Менеджер,Женский,Operations,1,1,1,-1,1,1,1,1,-1,1,1,-1,1,-1,-1,1,1,1,1,1,1,1,1,1,1,1,1,1,1,1,1,-1,-1,-1,1,-1,1,1,1,1,-1,1,1,-1,1
emp_0015,От полугода до года,От 26 до 35 лет,Специалист/Менеджер,Женский,Operations,1,1,1,1,1,1,1,1,1,0,1,1,1,1,1,1,0,1,0,1,0,1,1,1,1,1,1,1,1,1,1,1,1,1,1,1,1,1,1,-1,1,1,1,1,1
emp_0016,До полугода,От 26 до 35 лет,Специалист/Менеджер,Женский,Marketing,1,1,1,0,1,1,-1,1,1,1,1,0,1,1,1,1,1,1,1,1,1,1,1,1,1,0,1,1,1,1,1,1,1,1,1,1,1,1,1,0,1,1,1,1,1
emp_0017,Более 5 лет,От 26 до 35 лет,N-2,Женский,Operations,1,1,1,1,1,1,1,1,-1,1,1,1,1,1,1,1,1,1,1,1,1,1,1,1,1,1,1,1,1,1,1,1,1,1,1,1,1,1,1,1,1,1,1,1,1
emp_0018,От 3 до 5 лет,Старше 35 лет,N-1 / Топ-менеджмент,Мужской,IT,-1,-1,1,-1,1,1,1,-1,0,1,1,-1,-1,1,1,1,1,1,1,1,1,-1,-1,-1,1,1,-1,1,-1,-1,1,-1,1,-1,1,1,-1,0,1,1,-1,-1,-1,-1,1
emp_0019,От полугода до года,От 26 до 35 лет,Специалист/Менеджер,Мужской,Operations,1,1,1,1,1,1,1,1,1,1,1,1,1,1,1,1,1,1,1,1,1,1,1,1,1,1,1,1,1,1,1,1,1,1,1,1,1,1,1,1,1,1,1,1,1
emp_0020,От года до 3 лет,Старше 35 лет,Специалист/Менеджер,Мужской,Product,1,1,1,1,1,0,1,1,1,1,1,1,1,1,1,1,1,1,-1,1,1,0,1,1,1,1,-1,1,1,-1,1,1,1,1,1,1,1,1,1,1,0,1,-1,1,1
emp_0021,Более 5 лет,От 26 до 35 лет,Специалист/Менеджер,Женский,Operations,-1,1,1,1,1,1,1,1,1,1,1,-1,1,1,1,1,1,1,1,1,1,1,1,1,1,1,1,-1,1,1,1,-1,1,1,-1,-1,1,1,1,1,-1,-1,1,1,1
emp_0022,От года до 3 лет,От 26 до 35 лет,Линейный руководитель,Мужской,Operations,1,1,1,1,1,1,1,1,1,1,1,1,1,1,1,1,1,1,1,1,1,1,1,1,1,1,1,1,1,1,1,1,1,1,1,1,1,1,1,1,1,1,1,1,1
emp_0023,От 3 до 5 лет,От 26 до 35 лет,Специалист/Менеджер,Женский,Operations,1,1,1,1,1,1,1,1,1,1,1,1,1,1,1,1,1,1,1,1,1,-1,1,1,1,1,1,-1,1,1,1,1,1,1,1,1,1,1,1,1,1,1,1,-1,1
emp_0024,От года до 3 лет,От 26 до 35 лет,Специалист/Менеджер,Мужской,IT,1,1,1,1,1,1,1,1,1,1,1,1,1,1,-1,1,1,1,1,1,1,1,1,1,1,1,1,1,1,1,1,1,1,1,1,-1,1,1,1,1,1,1,1,-1,1
emp_0025,От года до 3 лет,От 26 до 35 лет,Специалист/Менеджер,Женский,Operations,1,1,1,1,1,1,1,1,1,1,1,1,1,1,1,1,1,1,1,1,1,1,1,1,1,1,1,1,1,1,1,1,1,1,1,1,1,1,1,1,1,1,1,1,1
emp_0026,До полугода,От 26 до 35 лет,Специалист/Менеджер,Женский,Operations,1,1,1,1,1,0,0,1,1,1,1,0,1,1,0,1,0,1,1,1,1,0,1,1,1,0,1,1,1,1,1,0,0,1,1,1,1,1,1,1,0,0,1,1,1
emp_0027,До полугода,От 26 до 35 лет,Специалист/Менеджер,Мужской,Product,1,-1,1,0,1,1,1,1,0,1,1,-1,0,0,-1,1,1,1,1,0,1,0,1,1,1,1,1,0,1,-1,1,1,0,0,1,1,1,1,1,1,0,1,1,-1,1
emp_0028,От года до 3 лет,Старше 35 лет,N-2,Женский,HR,1,1,1,-1,1,-1,1,-1,1,1,1,1,1,1,1,1,1,1,1,1,1,1,1,1,1,1,1,1,1,1,1,1,1,1,1,1,1,1,1,1,1,1,1,1,1
emp_0029,От года до 3 лет,От 26 до 35 лет,Специалист/Менеджер,Женский,HR,1,1,1,-1,-1,1,1,1,1,1,1,1,1,1,1,1,1,1,1,1,1,1,1,1,1,1,1,1,1,1,1,1,1,1,1,1,1,1,1,1,1,1,1,1,1
emp_0030,До полугода,От 26 до 35 лет,Специалист/Менеджер,Женский,HR,1,1,1,-1,1,-1,1,1,1,1,1,-1,1,1,1,1,1,1,1,1,1,1,1,1,1,1,1,1,1,1,1,1,-1,1,1,-1,1,1,1,1,1,1,-1,1,1
emp_0031,От полугода до года,От 26 до 35 лет,Специалист/Менеджер,Женский,Operations,-1,0,1,1,1,1,1,1,1,1,1,-1,1,0,1,1,1,1,0,1,1,1,1,1,1,1,1,1,1,1,1,1,1,0,1,-1,1,1,1,1,1,1,1,1,1
emp_0032,До полугода,До 25 лет,Специалист/Менеджер,Женский,Operations,1,1,1,1,1,1,1,1,1,1,1,1,1,1,1,1,1,1,1,1,1,-1,1,1,1,1,1,1,1,1,1,1,1,1,1,1,1,1,1,1,1,1,1,1,1
emp_0033,От полугода до года,От 26 до 35 лет,Специалист/Менеджер,Женский,IT,-1,1,1,0,1,1,1,1,1,1,1,1,1,1,1,1,1,-1,1,1,1,1,1,1,1,1,1,1,1,-1,1,1,1,1,1,1,1,1,1,1,0,1,-1,1,1
emp_0034,Более 5 лет,От 26 до 35 лет,N-2,Женский,Operations,1,1,1,1,1,-1,1,1,1,1,1,1,1,1,1,1,1,1,1,1,1,1,1,1,1,1,1,1,1,1,1,1,1,1,1,1,1,1,1,1,1,1,1,1,1
emp_0035,Более 5 лет,От 26 до 35 лет,Линейный руководитель,Женский,Operations,1,1,1,1,1,1,1,1,1,1,1,-1,1,-1,1,1,1,1,1,1,1,-1,1,1,1,1,-1,1,1,-1,1,1,-1,1,1,1,1,1,1,1,-1,1,1,-1,1
emp_0036,От полугода до года,От 26 до 35 лет,Специалист/Менеджер,Мужской,Operations,1,-1,1,-1,1,1,1,1,1,1,1,1,1,1,-1,1,1,1,1,1,1,1,1,1,1,1,-1,-1,1,-1,1,-1,1,1,1,1,1,1,-1,1,0,0,1,-1,1
emp_0037,От года до 3 лет,От 26 до 35 лет,Специалист/Менеджер,Мужской,IT,1,1,1,1,1,1,1,1,1,-1,1,1,0,1,1,-1,0,1,1,1,-1,0,1,1,0,1,1,1,1,1,1,-1,1,1,1,1,1,1,1,0,0,1,1,1,1
emp_0038,От года до 3 лет,Старше 35 лет,Специалист/Менеджер,Мужской,IT,1,1,1,1,1,0,1,1,1,1,1,1,1,1,1,1,1,1,1,1,1,1,1,1,1,1,1,1,1,1,1,1,1,1,1,1,1,1,1,1,1,1,1,1,1
emp_0039,Более 5 лет,От 26 до 35 лет,Линейный руководитель,Женский,Operations,1,1,1,1,0,1,1,1,1,1,1,-1,1,1,1,1,1,1,1,1,1,1,1,1,0,1,0,0,1,1,1,1,1,1,1,1,1,1,1,1,1,1,1,1,1
emp_0040,От года до 3 лет,От 26 до 35 лет,Специалист/Менеджер,Мужской,Marketing,1,-1,1,-1,1,-1,1,1,0,1,1,-1,0,0,-1,-1,-1,1,1,1,1,1,0,1,1,1,-1,1,1,-1,1,-1,1,0,-1,0,1,0,1,1,0,-1,-1,-1,1
emp_0041,От полугода до года,От 26 до 35 лет,Специалист/Менеджер,Мужской,Operations,1,1,-1,-1,1,1,1,1,1,-1,1,1,1,1,1,1,1,-1,1,1,1,1,1,1,1,1,1,1,-1,-1,1,1,-1,1,1,-1,1,1,1,1,-1,1,1,-1,1
emp_0042,От полугода до года,От 26 до 35 лет,Специалист/Менеджер,Женский,Operations,1,1,1,1,1,1,1,1,1,1,1,1,1,1,1,1,1,1,1,1,1,1,1,0,1,1,1,1,1,1,1,1,1,1,1,1,1,1,1,1,1,1,1,1,1
emp_0043,До полугода,До 25 лет,Специалист/Менеджер,Женский,Operations,1,1,1,1,1,1,1,1,1,1,1,1,1,1,1,1,1,1,1,1,1,1,1,1,1,1,1,1,1,1,1,1,1,1,1,1,1,1,1,1,1,1,1,1,1
emp_0044,До полугода,Старше 35 лет,Линейный руководитель,Мужской,Product,1,1,1,1,0,1,1,1,1,1,1,1,1,1,0,1,1,1,1,1,1,1,1,1,1,1,1,1,1,1,1,1,1,1,1,1,1,1,1,1,1,1,1,1,1
emp_0045,От 3 до 5 лет,От 26 до 35 лет,Специалист/Менеджер,Мужской,IT,1,1,1,-1,1,-1,1,1,1,1,1,1,1,1,1,1,-1,1,1,1,1,1,1,1,1,1,1,1,1,1,1,-1,1,1,1,1,1,1,1,1,-1,1,-1,1,1
emp_0046,От полугода до года,От 26 до 35 лет,Специалист/Менеджер,Мужской,Operations,1,1,1,1,1,1,1,1,1,1,1,-1,1,1,1,1,0,1,1,1,1,1,1,0,1,1,-1,-1,1,-1,1,1,1,1,0,-1,1,1,1,1,-1,-1,1,1,1
emp_0047,От года до 3 лет,От 26 до 35 лет,Специалист/Менеджер,Мужской,IT,1,1,1,1,1,1,1,1,1,1,1,1,1,-1,-1,1,1,1,0,1,1,-1,1,1,1,1,1,0,1,1,1,1,1,1,1,1,1,1,1,-1,-1,1,-1,-1,1
emp_0048,От года до 3 лет,До 25 лет,Специалист/Менеджер,Мужской,IT,1,1,1,1,1,1,1,1,0,-1,0,1,0,-1,1,1,1,1,1,1,1,1,1,1,1,1,-1,1,-1,1,1,1,1,1,1,-1,1,1,1,0,1,1,1,1,1
emp_0049,От года до 3 лет,От 26 до 35 лет,Специалист/Менеджер,Мужской,Operations,1,1,1,-1,1,1,1,1,1,1,1,-1,1,1,-1,1,1,1,1,1,1,1,1,-1,1,1,-1,-1,1,-1,1,-1,-1,1,1,-1,1,1,1,1,-1,-1,1,-1,1
emp_0050,До полугода,От 26 до 35 лет,Специалист/Менеджер,Женский,IT,1,1,1,0,1,0,1,1,1,1,1,1,1,1,1,1,1,1,1,1,1,1,1,1,1,1,1,1,1,1,1,0,1,1,1,1,1,1,1,1,1,1,1,1,1
emp_0051,От 3 до 5 лет,От 26 до 35 лет,Специалист/Менеджер,Женский,Administrative,1,1,1,1,1,-1,1,1,1,1,1,1,1,1,1,1,1,1,1,1,1,-1,1,1,1,1,-1,1,1,1,1,1,1,1,1,1,1,1,1,1,-1,1,-1,1,-1
emp_0052,От года до 3 лет,От 26 до 35 лет,Специалист/Менеджер,Мужской,Operations,1,1,1,0,1,-1,1,1,1,1,1,0,1,-1,0,1,1,1,1,1,1,0,1,1,1,1,1,0,1,1,1,1,1,1,1,0,1,1,1,1,1,1,0,1,1
emp_0053,От года до 3 лет,От 26 до 35 лет,Специалист/Менеджер,Женский,Administrative,1,1,1,1,0,1,1,1,1,1,1,1,1,1,1,1,1,1,1,1,1,1,1,1,1,1,1,1,1,1,1,1,1,1,1,1,1,1,1,1,1,1,1,1,1
emp_0054,От года до 3 лет,От 26 до 35 лет,Специалист/Менеджер,Женский,Operations,1,1,1,1,1,1,1,1,1,1,1,1,1,1,1,1,0,1,1,1,1,1,1,1,-1,1,1,1,1,1,1,1,1,1,1,1,1,1,1,1,1,1,1,1,1
emp_0055,До полугода,От 26 до 35 лет,N-2,Мужской,Operations,1,1,1,1,1,1,1,1,1,1,1,1,1,1,1,1,1,1,1,1,1,1,1,1,1,1,1,1,1,1,1,1,1,1,1,1,1,1,1,1,1,1,1,1,1
emp_0056,До полугода,До 25 лет,Специалист/Менеджер,Женский,Operations,1,0,1,1,0,1,1,1,1,1,1,1,1,1,1,1,1,1,1,1,1,1,1,1,1,1,1,1,1,1,1,1,0,1,1,1,1,1,1,1,1,0,1,0,1
emp_0057,От года до 3 лет,От 26 до 35 лет,Специалист/Менеджер,Мужской,Operations,1,0,1,1,1,1,1,1,0,1,1,1,1,1,1,1,1,1,1,1,1,1,1,1,1,1,1,1,1,1,1,1,-1,1,1,-1,1,1,1,1,1,1,1,-1,1
emp_0058,От года до 3 лет,От 26 до 35 лет,Специалист/Менеджер,Мужской,Product,1,1,1,1,1,1,1,1,1,1,1,1,1,1,1,1,1,1,1,1,1,1,1,1,1,1,1,1,1,1,1,-1,1,1,1,1,1,1,1,1,1,1,1,0,1
emp_0059,До полугода,От 26 до 35 лет,Специалист/Менеджер,Мужской,Operations,1,1,1,1,1,1,1,1,1,1,1,1,1,0,1,1,1,1,1,1,1,1,1,1,1,0,1,0,1,1,1,1,1,1,1,1,1,1,1,1,0,1,1,0,1
emp_0060,От года до 3 лет,От 26 до 35 лет,Специалист/Менеджер,Женский,Marketing,1,-1,1,-1,1,-1,-1,-1,1,1,1,1,0,1,-1,1,1,-1,-1,-1,-1,1,-1,1,1,1,-1,-1,1,1,1,-1,0,1,1,1,-1,1,-1,-1,0,-1,-1,1,1
emp_0061,Более 5 лет,От 26 до 35 лет,N-1 / Топ-менеджмент,Мужской,Administrative,1,1,1,-1,-1,1,1,1,1,1,1,1,1,-1,1,1,1,1,1,1,1,1,1,1,1,1,1,-1,1,1,1,-1,1,1,1,-1,1,1,1,1,1,1,-1,1,1
emp_0062,До полугода,До 25 лет,Специалист/Менеджер,Женский,IT,1,1,1,1,1,1,1,1,1,1,1,1,1,1,0,1,1,1,1,1,1,0,1,1,1,1,1,1,1,1,1,1,1,1,1,1,1,1,1,1,1,1,1,1,1
emp_0063,От года до 3 лет,До 25 лет,Специалист/Менеджер,Женский,HR,1,-1,1,-1,1,-1,1,-1,-1,-1,1,-1,1,1,-1,-1,1,1,1,1,1,-1,1,1,1,1,-1,-1,1,1,1,1,-1,-1,1,1,1,1,-1,1,1,1,1,-1,1
emp_0064,Более 5 лет,От 26 до 35 лет,Линейный руководитель,Женский,Operations,1,1,1,0,1,1,1,1,0,1,1,1,1,1,1,1,0,1,1,1,1,0,1,1,1,1,1,1,0,1,1,1,1,1,1,1,1,1,1,0,1,1,-1,1,1
emp_0065,От года до 3 лет,От 26 до 35 лет,Специалист/Менеджер,Мужской,Product,1,1,1,-1,1,1,1,1,1,1,1,1,1,1,1,1,0,1,-1,1,1,1,1,1,1,1,1,1,1,-1,1,1,1,1,1,1,1,1,1,1,1,1,-1,-1,1
emp_0066,От года до 3 лет,От 26 до 35 лет,Специалист/Менеджер,Мужской,Operations,1,1,1,1,1,1,1,1,1,1,1,1,1,1,1,1,1,1,1,1,1,1,1,1,1,1,1,1,1,1,1,1,1,1,1,1,1,1,1,1,1,0,1,0,1
emp_0067,От полугода до года,От 26 до 35 лет,Специалист/Менеджер,Мужской,Product,1,-1,1,0,0,0,1,1,0,1,0,-1,1,1,0,0,1,1,1,1,1,0,1,1,1,1,1,0,1,-1,1,0,1,1,1,1,1,1,1,1,1,1,0,-1,1
emp_0068,От года до 3 лет,От 26 до 35 лет,Специалист/Менеджер,Женский,IT,-1,1,1,-1,1,1,1,1,1,1,1,1,1,1,1,1,1,1,1,1,1,1,1,1,1,1,1,1,1,1,1,1,1,1,1,1,1,1,1,1,1,1,-1,1,1
emp_0069,От 3 до 5 лет,От 26 до 35 лет,Линейный руководитель,Мужской,IT,-1,1,1,1,-1,1,1,1,1,1,1,1,1,1,1,1,1,1,1,1,1,1,1,1,1,1,1,1,1,1,1,1,1,1,1,1,1,1,1,0,1,1,-1,1,1
emp_0070,От полугода до года,От 26 до 35 лет,Специалист/Менеджер,Женский,Operations,1,1,0,0,1,-1,1,1,1,0,0,1,0,1,0,1,1,0,1,1,1,0,1,1,1,1,1,1,0,1,1,0,1,1,1,-1,1,1,0,0,1,1,1,1,1
emp_0071,До полугода,От 26 до 35 лет,Специалист/Менеджер,Мужской,IT,-1,1,1,1,1,1,-1,1,1,-1,1,1,0,1,1,-1,1,1,1,1,1,1,1,1,1,1,-1,1,1,1,1,0,0,1,1,1,1,1,-1,1,1,1,1,-1,1
emp_0072,От года до 3 лет,Старше 35 лет,Специалист/Менеджер,Женский,IT,-1,1,1,0,0,-1,1,0,0,1,0,-1,0,-1,0,0,1,-1,-1,0,0,-1,0,1,-1,-1,1,-1,1,1,0,0,-1,0,1,-1,1,1,1,0,-1,0,1,0,1
emp_0073,От полугода до года,От 26 до 35 лет,Линейный руководитель,Мужской,Marketing,1,0,1,1,-1,1,1,1,1,1,1,1,1,1,1,1,1,1,1,1,1,1,1,1,1,1,1,1,1,1,1,1,1,1,1,1,1,1,1,1,1,1,1,1,1
emp_0074,До полугода,От 26 до 35 лет,Специалист/Менеджер,Женский,Operations,1,1,1,1,1,1,1,1,1,1,1,1,1,1,1,1,1,1,1,1,1,1,1,1,1,1,1,1,1,1,1,0,1,1,1,1,1,1,1,1,1,1,1,1,1
emp_0075,От полугода до года,От 26 до 35 лет,Специалист/Менеджер,Мужской,IT,1,1,1,1,1,1,1,1,1,1,1,1,1,1,1,1,1,1,1,1,1,1,1,1,1,1,1,1,1,1,1,1,1,1,1,1,1,1,1,1,1,1,1,1,1
emp_0076,До полугода,Старше 35 лет,Специалист/Менеджер,Женский,IT,1,1,1,1,1,0,1,0,1,1,1,0,0,1,1,0,0,0,1,1,1,0,1,1,0,0,0,1,1,1,1,1,0,1,1,1,1,0,0,1,1,0,1,1,1
emp_0077,От года до 3 лет,От 26 до 35 лет,Специалист/Менеджер,Мужской,IT,1,1,1,-1,0,1,1,1,1,1,1,-1,1,-1,-1,1,1,1,1,1,1,1,1,1,1,1,-1,1,1,1,1,-1,1,1,1,-1,1,1,1,1,1,-1,1,1,1
emp_0078,Более 5 лет,От 26 до 35 лет,N-2,Мужской,IT,1,-1,1,1,1,-1,1,1,1,1,1,1,-1,1,1,1,-1,1,1,1,1,1,1,1,1,1,-1,-1,1,-1,1,1,1,1,1,1,-1,1,-1,1,-1,1,-1,-1,1
emp_0079,До полугода,Старше 35 лет,N-2,Мужской,IT,-1,1,1,-1,-1,-1,1,1,1,-1,0,1,1,1,1,1,1,1,1,1,1,1,1,1,1,1,1,1,1,1,1,-1,1,1,1,1,1,1,1,0,0,1,-1,0,1
emp_0080,До полугода,До 25 лет,Специалист/Менеджер,Женский,Operations,1,1,1,-1,1,1,1,1,1,1,1,1,1,0,1,1,1,1,1,1,1,1,1,1,1,1,0,1,1,1,1,1,1,1,1,1,1,1,1,1,1,1,1,1,1
emp_0081,От года до 3 лет,До 25 лет,Специалист/Менеджер,Женский,Operations,1,1,1,-1,1,1,1,1,1,1,1,1,1,1,1,1,1,1,1,1,1,1,1,1,1,1,1,1,1,1,1,1,1,1,1,1,1,1,1,1,1,1,1,-1,1
emp_0082,От года до 3 лет,От 26 до 35 лет,Специалист/Менеджер,Мужской,Operations,1,1,1,1,1,1,1,1,1,1,1,1,1,1,1,1,1,1,1,1,1,1,1,1,1,1,1,1,1,1,1,1,1,1,1,1,1,1,1,1,1,1,1,1,1
emp_0083,От полугода до года,От 26 до 35 лет,Специалист/Менеджер,Мужской,Operations,-1,1,1,-1,1,1,1,1,1,1,1,1,1,1,1,1,1,1,1,1,1,1,1,1,1,1,1,1,1,1,1,1,1,1,1,1,1,1,1,1,0,1,1,0,1
emp_0084,От 3 до 5 лет,От 26 до 35 лет,Специалист/Менеджер,Женский,HR,1,1,1,-1,1,1,1,1,1,1,1,1,1,-1,1,1,1,1,1,1,1,1,1,1,1,1,1,1,1,1,1,1,1,1,1,1,1,1,1,1,1,1,1,-1,1
emp_0085,От года до 3 лет,До 25 лет,Специалист/Менеджер,Женский,Operations,1,1,1,0,1,1,1,1,1,1,1,1,1,1,1,1,1,1,1,1,1,0,1,1,1,1,1,1,1,1,1,1,1,1,1,1,1,1,1,1,1,1,1,1,1
emp_0086,От года до 3 лет,От 26 до 35 лет,Специалист/Менеджер,Женский,Operations,1,1,1,1,1,1,1,1,0,1,1,1,1,1,1,1,1,1,1,1,1,1,1,1,-1,1,-1,1,1,1,1,1,1,1,1,-1,1,1,0,1,1,1,1,1,1
emp_0087,От года до 3 лет,От 26 до 35 лет,Специалист/Менеджер,Мужской,Operations,1,1,1,1,1,1,1,1,1,1,1,1,1,1,1,1,1,1,1,1,1,1,1,1,1,1,1,1,1,1,1,1,1,1,1,1,1,1,1,1,1,1,1,1,1
emp_0088,От года до 3 лет,От 26 до 35 лет,Специалист/Менеджер,Женский,Operations,1,-1,1,-1,1,1,1,-1,1,1,1,-1,1,-1,-1,0,1,1,1,1,1,-1,1,1,-1,1,1,1,-1,1,1,-1,-1,1,1,1,1,1,1,1,-1,1,1,-1,1
emp_0089,От года до 3 лет,От 26 до 35 лет,Линейный руководитель,Мужской,Marketing,-1,-1,1,-1,1,0,1,1,0,1,1,1,0,1,1,1,0,1,1,1,1,0,1,1,1,-1,1,1,1,1,1,0,1,1,1,-1,1,1,1,1,0,1,-1,1,1
emp_0090,От года до 3 лет,От 26 до 35 лет,Специалист/Менеджер,Женский,Operations,-1,-1,1,1,1,1,0,1,1,1,0,-1,1,1,1,1,1,1,1,1,1,-1,1,1,1,1,-1,-1,1,1,1,1,0,1,1,0,1,1,-1,-1,0,1,-1,1,1
emp_0091,От 3 до 5 лет,От 26 до 35 лет,Специалист/Менеджер,Женский,IT,-1,-1,1,1,1,-1,-1,1,0,1,1,1,0,1,1,1,-1,1,1,1,0,1,1,1,-1,1,-1,1,1,1,1,1,1,1,1,1,1,1,1,1,1,1,-1,1,1
emp_0092,От полугода до года,От 26 до 35 лет,Специалист/Менеджер,Женский,Finance,1,1,1,1,1,1,1,1,1,1,1,1,1,1,1,1,1,1,1,1,1,1,1,1,1,1,1,1,1,1,1,1,1,1,1,1,1,1,1,1,1,1,1,1,1
emp_0093,От года до 3 лет,До 25 лет,Специалист/Менеджер,Женский,Operations,1,-1,1,-1,1,0,1,1,0,1,1,-1,1,1,-1,1,1,1,-1,1,1,1,1,1,1,1,1,1,1,-1,1,1,0,1,1,1,1,1,1,0,1,1,1,1,1
emp_0094,До полугода,От 26 до 35 лет,Специалист/Менеджер,Женский,Administrative,1,1,1,-1,1,1,1,1,1,1,1,1,1,1,1,1,1,1,1,1,1,1,1,1,1,1,1,1,1,1,1,1,1,1,1,1,1,1,1,1,1,1,1,1,1
emp_0095,От года до 3 лет,От 26 до 35 лет,Специалист/Менеджер,Женский,Marketing,1,0,-1,0,0,0,0,1,0,1,-1,0,0,-1,-1,1,-1,-1,0,1,-1,0,-1,0,1,-1,-1,-1,1,1,1,-1,-1,1,0,-1,0,-1,1,-1,-1,-1,0,0,-1
emp_0096,От года до 3 лет,От 26 до 35 лет,Специалист/Менеджер,Мужской,IT,1,1,1,1,1,1,1,1,1,1,1,1,1,1,1,1,1,1,1,1,1,1,1,1,1,1,1,1,1,1,1,1,1,1,1,1,1,1,1,1,1,1,-1,1,1
emp_0098,До полугода,От 26 до 35 лет,Специалист/Менеджер,Мужской,Operations,1,1,1,1,1,1,1,1,1,1,1,1,1,1,-1,1,1,1,1,1,1,1,1,1,1,1,1,-1,1,1,1,1,1,1,1,-1,1,1,1,1,1,1,1,1,1
emp_0099,От года до 3 лет,От 26 до 35 лет,Специалист/Менеджер,Женский,Marketing,-1,-1,1,-1,1,0,1,1,1,0,1,0,1,-1,1,1,0,-1,1,1,1,1,1,1,1,0,-1,-1,1,1,1,0,-1,1,1,-1,1,1,1,0,0,0,-1,-1,0
emp_0100,От полугода до года,До 25 лет,Специалист/Менеджер,Женский,Operations,1,1,1,1,1,1,1,1,1,1,1,1,1,1,1,1,1,1,1,1,1,0,1,1,1,1,1,1,1,1,1,1,1,1,1,1,1,1,1,1,1,1,1,0,1
emp_0101,От года до 3 лет,От 26 до 35 лет,Специалист/Менеджер,Мужской,Operations,1,0,1,0,0,1,1,1,1,1,1,1,1,-1,0,1,0,1,1,1,1,1,1,1,1,1,-1,-1,1,1,1,1,0,1,1,1,1,1,1,1,0,1,0,-1,1
emp_0102,От года до 3 лет,От 26 до 35 лет,Специалист/Менеджер,Женский,Operations,1,-1,1,1,-1,1,1,1,1,1,-1,-1,0,1,1,-1,0,-1,0,1,1,-1,-1,1,1,1,1,1,1,-1,1,-1,1,1,0,-1,1,-1,-1,1,0,-1,-1,1,1
emp_0103,От года до 3 лет,От 26 до 35 лет,Специалист/Менеджер,Мужской,IT,1,1,1,1,1,1,1,1,1,1,1,1,1,-1,1,1,1,1,1,1,1,1,1,1,1,1,1,1,1,1,1,1,1,1,1,1,1,1,1,1,1,1,1,1,1
emp_0104,От года до 3 лет,От 26 до 35 лет,N-2,Мужской,Product,1,1,1,1,1,-1,1,1,1,1,1,1,1,1,1,1,1,1,1,1,1,1,1,1,1,1,1,1,1,1,1,1,1,1,1,1,1,1,1,1,1,1,1,1,1
emp_0105,От года до 3 лет,Старше 35 лет,Линейный руководитель,Женский,Finance,-1,-1,1,0,1,1,1,1,0,1,1,1,1,1,1,1,1,1,1,0,1,1,1,-1,1,1,1,-1,1,-1,1,-1,1,1,1,-1,1,1,1,1,1,1,-1,1,-1
emp_0106,Более 5 лет,От 26 до 35 лет,Специалист/Менеджер,Женский,Operations,1,1,1,1,1,1,1,1,1,1,1,1,1,1,1,1,1,1,1,1,1,1,1,1,1,1,1,1,1,1,1,1,1,1,1,-1,1,1,1,1,1,1,1,1,1
emp_0107,До полугода,От 26 до 35 лет,Специалист/Менеджер,Мужской,IT,1,1,1,-1,1,1,1,1,-1,1,1,1,1,1,1,1,1,1,1,1,1,1,1,1,1,1,1,1,1,1,1,1,1,1,1,1,1,1,1,1,1,1,1,1,1
emp_0108,От года до 3 лет,От 26 до 35 лет,Специалист/Менеджер,Женский,Operations,1,1,1,0,1,1,1,1,1,1,1,1,1,1,1,0,1,1,1,1,1,0,1,1,1,1,1,1,1,1,1,1,1,1,1,1,1,1,1,1,1,1,1,0,1
emp_0109,От года до 3 лет,От 26 до 35 лет,Специалист/Менеджер,Мужской,Operations,1,-1,1,-1,1,1,1,1,1,1,1,1,1,1,1,-1,1,1,-1,1,1,1,1,1,1,1,-1,1,1,1,1,-1,1,1,1,-1,1,1,1,1,1,1,1,-1,1
emp_0110,От года до 3 лет,От 26 до 35 лет,Специалист/Менеджер,Женский,Operations,1,-1,1,-1,1,1,1,1,0,1,1,-1,-1,1,1,1,-1,1,1,1,1,-1,1,1,1,1,-1,1,1,1,1,-1,-1,1,1,-1,1,1,1,1,-1,1,1,-1,1
emp_0111,От 3 до 5 лет,От 26 до 35 лет,Специалист/Менеджер,Женский,Operations,-1,-1,1,-1,0,1,1,1,0,1,1,1,1,0,1,1,1,1,1,1,1,-1,1,1,1,1,-1,1,1,1,1,1,-1,1,0,-1,1,1,1,1,-1,-1,1,-1,1
emp_0112,От года до 3 лет,От 26 до 35 лет,Специалист/Менеджер,Женский,IT,-1,0,1,1,1,1,1,0,1,0,1,1,0,1,1,1,0,1,1,1,1,1,1,1,1,1,0,0,1,0,1,0,1,1,0,1,1,1,1,1,0,1,1,0,1
emp_0113,От полугода до года,От 26 до 35 лет,Специалист/Менеджер,Мужской,Operations,1,1,1,0,1,1,1,1,1,1,1,1,1,1,1,1,1,1,1,1,1,1,1,1,1,1,1,1,1,1,1,1,0,1,1,-1,1,1,1,1,1,1,1,0,1
emp_0114,От года до 3 лет,До 25 лет,Специалист/Менеджер,Женский,Operations,1,1,1,1,1,1,1,1,1,1,0,0,0,1,1,0,0,1,1,1,1,1,1,1,1,1,1,1,1,1,1,1,1,1,1,1,1,1,1,0,1,1,1,1,1
emp_0115,От 3 до 5 лет,От 26 до 35 лет,Специалист/Менеджер,Женский,Operations,-1,-1,1,-1,-1,-1,1,1,-1,1,1,-1,-1,-1,1,1,-1,1,1,0,0,1,0,-1,1,-1,-1,-1,1,1,1,-1,-1,1,-1,-1,-1,-1,1,1,0,-1,-1,-1,-1
emp_0116,От года до 3 лет,От 26 до 35 лет,Специалист/Менеджер,Мужской,IT,1,-1,1,-1,-1,1,1,1,1,1,1,1,1,-1,1,1,0,-1,1,1,1,1,1,1,1,0,-1,0,0,1,1,1,0,1,1,-1,1,1,1,1,0,1,-1,1,1
emp_0117,До полугода,От 26 до 35 лет,Специалист/Менеджер,Женский,Marketing,1,1,1,-1,1,1,1,1,1,1,1,1,1,1,1,1,1,1,1,1,1,1,1,1,1,1,1,1,1,1,1,1,1,1,1,1,1,1,1,1,1,1,1,1,1
emp_0118,От 3 до 5 лет,От 26 до 35 лет,Специалист/Менеджер,Женский,Operations,1,1,1,-1,1,1,1,1,0,1,1,-1,0,1,1,1,0,1,1,1,1,-1,1,1,1,1,-1,1,1,1,1,-1,-1,1,-1,-1,1,0,1,1,-1,-1,1,-1,1
emp_0119,От года до 3 лет,До 25 лет,Специалист/Менеджер,Женский,Operations,-1,1,1,0,1,1,1,1,1,1,1,1,1,1,1,1,1,1,1,1,1,1,1,1,1,1,1,1,1,1,1,1,1,1,1,1,1,1,1,0,-1,1,1,-1,1
emp_0120,От года до 3 лет,От 26 до 35 лет,Специалист/Менеджер,Женский,IT,1,1,1,1,1,1,1,1,1,1,1,1,1,1,1,1,1,1,1,1,1,1,1,1,1,1,1,1,1,1,1,1,1,1,1,1,1,1,1,1,1,1,1,1,1
emp_0121,От полугода до года,От 26 до 35 лет,Специалист/Менеджер,Женский,Operations,1,1,1,-1,1,1,0,0,0,1,1,1,0,1,1,-1,1,1,0,1,1,0,1,1,1,1,1,1,1,1,1,1,-1,1,1,-1,1,1,1,1,-1,1,1,-1,1
emp_0122,От года до 3 лет,От 26 до 35 лет,Специалист/Менеджер,Женский,Operations,1,1,1,-1,-1,-1,-1,-1,1,1,1,1,1,-1,-1,-1,1,1,-1,-1,1,1,1,-1,-1,1,1,1,1,-1,1,1,1,1,1,-1,1,-1,1,1,-1,-1,-1,-1,1
emp_0123,Более 5 лет,Старше 35 лет,N-1 / Топ-менеджмент,Мужской,Operations,1,0,1,0,1,1,1,1,1,1,1,1,1,1,1,1,1,1,0,1,1,1,1,1,1,1,1,1,1,1,1,1,1,1,1,1,1,1,1,1,1,1,1,0,1
emp_0124,От года до 3 лет,От 26 до 35 лет,Специалист/Менеджер,Женский,Operations,0,1,1,-1,1,1,1,1,1,1,1,-1,1,1,1,1,1,1,1,1,1,-1,1,1,1,-1,-1,1,1,1,1,-1,-1,1,1,-1,1,1,-1,-1,-1,-1,-1,-1,1
emp_0125,От года до 3 лет,Старше 35 лет,N-1 / Топ-менеджмент,Женский,HR,1,1,1,1,1,1,1,1,1,1,1,1,1,1,1,1,1,1,1,1,1,1,1,1,1,1,1,-1,1,-1,1,1,1,1,1,1,1,1,1,1,1,1,1,1,1
emp_0126,До полугода,От 26 до 35 лет,Специалист/Менеджер,Мужской,Operations,1,-1,1,-1,-1,-1,1,1,1,1,1,-1,1,0,-1,1,1,1,1,1,1,0,1,1,1,1,-1,0,1,1,1,1,0,1,1,-1,1,1,1,1,1,0,1,0,1
emp_0127,От года до 3 лет,От 26 до 35 лет,Специалист/Менеджер,Мужской,IT,1,1,1,-1,0,1,1,1,0,1,0,-1,1,1,-1,1,1,1,1,1,1,0,1,1,1,1,0,1,1,1,1,1,1,1,1,0,1,1,1,0,1,1,1,-1,1
emp_0128,До полугода,До 25 лет,Специалист/Менеджер,Женский,HR,1,1,1,-1,1,1,1,1,1,1,1,1,0,-1,1,1,1,1,1,1,1,-1,1,1,1,1,1,1,1,1,1,1,-1,1,1,-1,1,1,1,1,1,1,1,-1,1
emp_0129,До полугода,До 25 лет,Специалист/Менеджер,Женский,Marketing,0,1,1,1,1,1,1,1,1,1,1,1,1,1,1,1,1,1,1,1,1,1,1,1,1,1,-1,-1,1,1,1,1,1,1,0,1,1,1,1,1,1,1,1,0,1
emp_0130,До полугода,Старше 35 лет,Специалист/Менеджер,Женский,IT,1,1,1,-1,-1,1,1,-1,1,1,1,0,1,1,1,-1,1,-1,1,1,1,1,1,1,1,1,-1,-1,1,1,1,1,1,1,1,1,1,1,1,1,-1,1,1,1,1
emp_0131,От года до 3 лет,От 26 до 35 лет,Линейный руководитель,Женский,Operations,-1,1,1,-1,1,-1,1,1,1,1,1,1,1,1,1,1,1,1,1,1,1,1,1,1,1,1,1,1,1,1,1,1,1,1,1,1,1,1,1,1,1,1,1,-1,1
emp_0132,От года до 3 лет,От 26 до 35 лет,N-2,Женский,Marketing,1,1,1,1,-1,-1,1,1,1,1,1,1,1,1,1,1,-1,1,1,1,1,-1,1,-1,1,1,0,-1,1,-1,-1,0,-1,1,-1,1,1,1,1,-1,-1,-1,1,-1,-1
emp_0133,От года до 3 лет,Старше 35 лет,Специалист/Менеджер,Мужской,HR,1,1,1,-1,1,1,1,1,1,1,1,1,1,1,1,1,1,1,1,1,1,1,1,1,1,1,1,1,1,1,1,1,1,1,1,-1,1,1,1,1,1,1,1,1,1
emp_0134,До полугода,До 25 лет,Специалист/Менеджер,Женский,Operations,1,1,1,-1,1,1,1,1,1,1,1,1,1,1,1,1,1,1,1,1,1,1,1,1,1,1,1,1,1,1,1,1,1,1,1,-1,1,1,1,1,1,1,1,1,1
emp_0135,До полугода,До 25 лет,Специалист/Менеджер,Женский,Operations,1,1,1,0,1,1,1,1,1,1,1,0,1,1,1,1,1,1,1,1,1,1,1,1,1,1,-1,1,1,1,1,1,1,1,1,0,1,1,1,1,1,1,1,-1,1
emp_0136,От года до 3 лет,От 26 до 35 лет,Специалист/Менеджер,Мужской,Operations,-1,-1,1,1,-1,-1,1,1,-1,1,1,-1,-1,-1,1,1,-1,1,1,1,1,-1,1,1,1,1,-1,-1,1,1,1,-1,-1,-1,1,1,1,1,1,1,-1,-1,-1,-1,1
emp_0137,От года до 3 лет,Старше 35 лет,Специалист/Менеджер,Женский,HR,-1,1,1,1,1,1,1,1,1,1,1,1,1,1,1,1,1,1,1,1,1,1,1,1,1,1,1,1,1,1,1,1,1,1,1,1,1,1,1,1,1,1,1,1,1
emp_0138,От года до 3 лет,От 26 до 35 лет,Специалист/Менеджер,Женский,Operations,1,-1,1,-1,1,-1,-1,-1,-1,-1,0,-1,0,-1,-1,1,0,1,-1,1,-1,0,1,1,-1,1,-1,-1,1,1,1,0,-1,-1,1,-1,1,1,-1,0,0,1,-1,-1,1
emp_0139,От года до 3 лет,От 26 до 35 лет,N-2,Женский,Product,1,1,1,1,1,1,1,1,1,1,1,1,1,1,1,1,1,1,1,1,1,1,1,1,1,1,1,1,1,1,1,1,1,1,1,1,1,1,1,1,1,1,-1,1,1
emp_0140,От года до 3 лет,Старше 35 лет,Специалист/Менеджер,Женский,Marketing,1,1,1,1,1,1,1,1,1,1,1,1,1,1,1,1,1,1,1,1,1,1,1,1,1,1,-1,1,1,1,1,1,1,1,1,-1,1,1,1,1,1,1,1,-1,1
emp_0141,До полугода,От 26 до 35 лет,Специалист/Менеджер,Мужской,IT,1,1,1,-1,1,1,1,1,1,1,1,1,1,1,-1,1,1,1,1,1,1,1,1,1,1,-1,1,1,1,1,1,1,1,1,1,1,1,-1,1,1,1,1,1,-1,1
emp_0142,От года до 3 лет,До 25 лет,Специалист/Менеджер,Женский,Product,1,0,1,1,1,1,1,1,1,1,1,1,1,1,1,1,1,1,1,1,1,1,1,1,1,1,1,1,1,1,1,1,1,1,1,1,1,1,1,1,1,1,1,1,1
emp_0143,От года до 3 лет,От 26 до 35 лет,Специалист/Менеджер,Женский,Operations,1,1,1,1,0,1,1,1,1,1,1,1,-1,1,1,1,-1,1,1,1,1,1,1,1,1,1,1,1,1,1,-1,1,1,1,1,1,1,1,1,1,1,1,-1,1,1
emp_0144,От полугода до года,До 25 лет,Специалист/Менеджер,Женский,Operations,1,1,1,0,0,1,1,1,1,1,1,-1,1,1,1,1,1,1,0,1,1,0,1,1,1,1,-1,1,1,1,1,0,0,1,0,0,0,1,1,1,1,0,1,-1,0
emp_0145,До полугода,От 26 до 35 лет,Специалист/Менеджер,Мужской,Operations,-1,1,1,1,-1,1,1,1,1,1,1,1,1,1,1,1,1,1,1,1,1,1,1,1,1,1,1,0,1,1,1,1,0,1,1,1,1,1,1,1,1,1,1,1,1
emp_0146,От 3 до 5 лет,От 26 до 35 лет,N-2,Мужской,Operations,1,1,1,1,1,1,1,1,1,1,1,1,1,1,1,1,1,1,1,1,1,1,1,1,1,1,1,1,1,1,1,1,1,1,1,1,1,1,1,1,1,1,1,1,1
emp_0147,От года до 3 лет,От 26 до 35 лет,Специалист/Менеджер,Женский,Operations,1,1,1,1,1,1,1,1,1,1,1,1,1,1,-1,1,1,1,0,1,1,1,1,1,1,1,-1,1,1,1,1,1,1,1,1,1,1,1,1,1,1,1,1,1,1
emp_0148,От 3 до 5 лет,Старше 35 лет,Специалист/Менеджер,Женский,Operations,1,-1,1,-1,1,1,1,1,-1,1,1,1,1,1,1,1,1,1,1,1,0,1,1,1,1,1,0,-1,1,1,1,1,1,1,1,0,1,0,1,1,0,1,1,1,1
emp_0149,От года до 3 лет,От 26 до 35 лет,Специалист/Менеджер,Мужской,Operations,1,1,1,0,1,1,1,1,0,1,0,1,0,1,1,1,-1,1,1,1,1,1,1,1,1,1,1,1,1,1,1,1,1,1,1,0,1,1,1,0,1,1,1,0,1
emp_0150,От года до 3 лет,От 26 до 35 лет,Специалист/Менеджер,Женский,IT,1,1,1,-1,1,1,1,1,1,1,1,1,1,1,1,1,-1,1,0,1,0,1,1,1,1,1,1,1,1,1,1,0,1,1,1,1,1,1,1,0,1,1,1,1,1
emp_0151,От года до 3 лет,От 26 до 35 лет,Специалист/Менеджер,Женский,Operations,1,1,1,1,1,1,1,1,1,1,1,-1,1,1,1,1,1,1,-1,1,1,1,1,1,1,1,1,1,1,1,1,1,1,1,1,1,1,1,1,1,-1,1,1,-1,1
emp_0152,От года до 3 лет,До 25 лет,Специалист/Менеджер,Мужской,Marketing,0,0,1,1,1,1,1,1,1,1,0,1,1,1,1,1,1,1,1,1,1,0,1,1,1,1,1,1,1,1,1,1,1,1,1,1,1,1,1,1,1,1,-1,1,1
emp_0153,От года до 3 лет,От 26 до 35 лет,Специалист/Менеджер,Мужской,Operations,1,1,1,-1,-1,1,1,1,1,1,1,1,0,1,1,-1,1,1,1,1,1,0,1,1,-1,1,1,1,1,1,1,1,1,1,0,-1,1,1,1,1,1,1,1,0,1
emp_0154,От полугода до года,От 26 до 35 лет,N-2,Женский,Product,1,1,1,-1,1,-1,1,1,1,1,-1,-1,-1,1,-1,1,-1,1,1,-1,1,-1,-1,1,1,1,-1,1,1,-1,-1,-1,1,-1,1,1,1,1,-1,1,1,-1,1,-1,1
emp_0155,От года до 3 лет,От 26 до 35 лет,Специалист/Менеджер,Женский,Operations,-1,1,1,-1,1,1,1,1,1,1,1,-1,1,1,-1,1,1,1,1,1,1,-1,1,-1,1,1,-1,-1,1,1,1,1,-1,-1,1,-1,1,1,1,1,1,1,1,-1,1
emp_0156,Более 5 лет,От 26 до 35 лет,Линейный руководитель,Женский,Operations,-1,1,1,-1,1,-1,1,1,1,1,1,1,1,1,1,1,1,1,1,1,1,1,1,1,1,1,-1,1,1,1,1,1,1,1,1,1,1,1,1,1,-1,1,-1,-1,1
emp_0157,От полугода до года,От 26 до 35 лет,Специалист/Менеджер,Женский,HR,1,1,1,-1,1,-1,1,1,1,1,1,1,1,1,1,1,1,1,1,1,1,-1,1,1,1,1,1,1,1,1,1,1,1,1,1,1,1,1,1,1,1,1,1,1,1
emp_0158,Более 5 лет,От 26 до 35 лет,Специалист/Менеджер,Женский,Operations,1,1,1,1,-1,-1,1,1,1,1,1,-1,1,1,1,1,-1,-1,1,1,1,1,1,1,1,1,-1,1,1,1,1,-1,1,-1,1,-1,1,1,1,1,1,-1,1,1,1
emp_0159,От полугода до года,От 26 до 35 лет,Специалист/Менеджер,Мужской,Product,1,0,1,0,1,-1,0,1,0,1,1,1,0,0,-1,1,0,1,1,1,1,1,1,1,-1,1,-1,1,1,1,1,0,1,1,1,-1,1,1,1,0,0,1,-1,-1,1
emp_0160,От полугода до года,От 26 до 35 лет,Специалист/Менеджер,Мужской,Product,1,1,1,1,1,1,1,1,1,1,1,1,1,1,1,1,1,1,1,1,1,1,1,1,1,1,1,1,1,1,1,1,1,1,1,1,1,1,1,1,1,1,1,1,1
emp_0161,Более 5 лет,От 26 до 35 лет,Линейный руководитель,Женский,Operations,-1,-1,1,1,1,-1,1,1,1,1,1,1,0,1,-1,1,1,1,1,1,1,0,1,1,1,1,1,-1,-1,-1,1,-1,1,1,1,-1,1,1,1,1,-1,1,-1,-1,1
emp_0162,До полугода,От 26 до 35 лет,Специалист/Менеджер,Женский,IT,-1,1,1,1,1,1,1,1,1,1,1,1,1,1,1,1,1,1,1,1,1,1,1,1,1,1,1,1,1,1,1,1,1,1,1,1,1,1,1,1,1,1,1,1,1
emp_0163,От полугода до года,От 26 до 35 лет,Специалист/Менеджер,Женский,Operations,1,1,1,-1,1,1,1,1,1,1,1,1,1,1,1,1,1,1,1,1,1,1,1,1,1,1,1,1,1,1,1,1,1,1,1,1,1,1,1,1,1,1,1,-1,1
emp_0164,От года до 3 лет,Старше 35 лет,Специалист/Менеджер,Мужской,Operations,1,1,1,-1,1,1,1,1,1,1,1,1,1,1,1,-1,1,1,1,1,1,1,1,1,1,1,1,1,1,1,1,1,1,1,1,1,1,1,1,1,-1,1,1,-1,1
emp_0165,Более 5 лет,От 26 до 35 лет,Линейный руководитель,Женский,Operations,1,1,1,-1,-1,-1,1,1,1,1,1,1,1,1,1,1,1,1,1,1,1,1,1,1,1,1,-1,-1,1,1,-1,-1,1,1,-1,1,1,1,1,1,-1,1,1,-1,1
emp_0166,От года до 3 лет,От 26 до 35 лет,Специалист/Менеджер,Мужской,IT,1,-1,1,0,1,1,-1,1,1,1,0,0,1,1,-1,1,1,1,1,1,0,1,1,1,1,1,1,0,1,1,1,1,1,1,1,-1,1,1,1,1,1,1,0,1,1
emp_0167,От года до 3 лет,Старше 35 лет,N-1 / Топ-менеджмент,Мужской,Product,-1,0,1,-1,1,-1,1,0,0,1,0,0,1,1,0,1,1,-1,0,0,0,1,0,0,1,1,1,-1,1,1,1,0,1,1,1,0,-1,0,1,1,1,-1,-1,0,0
emp_0168,От 3 до 5 лет,От 26 до 35 лет,Специалист/Менеджер,Женский,Operations,1,1,1,-1,-1,1,1,1,1,1,1,1,1,1,1,1,1,1,1,1,1,1,1,1,1,1,1,1,1,1,1,1,1,1,1,1,1,1,1,1,1,1,1,1,1
emp_0169,От года до 3 лет,От 26 до 35 лет,Линейный руководитель,Женский,Administrative,1,1,1,1,1,1,1,1,1,1,1,1,1,1,1,1,1,1,1,1,1,1,1,1,1,1,1,1,1,1,1,1,1,1,1,1,1,1,1,1,1,1,1,1,1
emp_0170,От года до 3 лет,От 26 до 35 лет,Специалист/Менеджер,Женский,IT,-1,1,1,0,1,1,1,1,1,1,1,1,1,1,1,1,1,1,1,1,1,1,1,1,1,1,1,1,1,1,1,1,1,1,1,1,1,1,1,1,1,1,1,1,1
emp_0171,От полугода до года,От 26 до 35 лет,Специалист/Менеджер,Женский,Product,1,0,1,1,0,-1,1,1,0,1,0,-1,1,1,-1,1,1,0,1,1,1,1,1,1,1,1,-1,0,1,1,1,-1,0,1,1,-1,1,-1,1,1,1,1,0,1,1
emp_0172,До полугода,От 26 до 35 лет,Специалист/Менеджер,Мужской,IT,1,1,1,1,1,1,1,1,1,1,0,1,0,1,1,-1,1,1,1,1,1,0,1,1,0,1,1,1,1,1,1,1,1,1,1,1,1,0,1,1,1,1,1,1,1
emp_0173,До полугода,От 26 до 35 лет,Специалист/Менеджер,Мужской,IT,1,1,1,0,1,1,1,1,1,1,1,1,1,1,1,1,1,0,1,1,1,0,1,1,1,1,0,0,1,1,1,1,1,1,1,0,1,1,1,1,0,1,1,1,1
emp_0174,От года до 3 лет,До 25 лет,Специалист/Менеджер,Женский,Operations,1,1,1,1,1,1,1,1,1,1,1,-1,1,0,0,-1,1,1,1,1,1,1,1,1,1,1,-1,1,1,1,1,-1,0,1,1,-1,1,1,1,1,0,1,1,-1,1
emp_0175,От года до 3 лет,От 26 до 35 лет,Специалист/Менеджер,Мужской,Operations,1,-1,1,-1,0,1,1,1,0,1,0,-1,0,-1,-1,1,0,1,-1,1,1,-1,1,1,1,1,0,1,1,1,1,1,0,1,1,0,1,1,1,0,-1,0,-1,-1,1
emp_0176,От года до 3 лет,Старше 35 лет,N-1 / Топ-менеджмент,Мужской,Marketing,1,1,1,1,1,1,1,1,1,1,1,1,1,1,1,1,1,1,1,1,1,1,1,1,1,1,1,1,1,1,1,1,1,1,1,1,1,1,1,1,1,1,1,1,1
emp_0177,От года до 3 лет,От 26 до 35 лет,Специалист/Менеджер,Мужской,Operations,1,1,1,-1,1,1,1,1,1,1,1,1,1,-1,1,1,1,1,1,1,1,1,1,1,1,1,-1,1,1,1,1,1,1,1,1,1,1,1,1,1,1,1,1,-1,1
emp_0178,До полугода,От 26 до 35 лет,Специалист/Менеджер,Женский,Operations,-1,1,1,1,0,0,1,1,1,1,1,1,1,1,1,1,1,0,1,1,1,1,1,1,1,1,1,1,1,1,1,1,0,1,1,1,1,1,1,1,1,0,1,1,1
emp_0179,До полугода,От 26 до 35 лет,Специалист/Менеджер,Мужской,IT,1,1,1,1,1,1,1,1,1,1,1,1,1,1,1,1,1,1,1,1,1,1,1,1,1,1,1,1,1,1,1,1,1,1,1,1,1,1,1,1,1,1,1,1,1
emp_0180,До полугода,До 25 лет,Специалист/Менеджер,Мужской,Operations,1,1,1,1,1,1,1,1,1,1,1,1,1,1,-1,1,1,1,1,-1,1,1,1,1,1,1,-1,-1,1,1,1,1,1,1,1,1,1,1,1,1,1,1,1,1,-1
emp_0181,До полугода,От 26 до 35 лет,Специалист/Менеджер,Мужской,Operations,1,1,1,1,1,1,1,1,1,1,1,1,1,1,1,1,1,1,1,1,1,1,1,1,1,1,1,1,1,1,1,1,1,1,1,1,1,1,1,1,1,1,1,1,1
emp_0182,От года до 3 лет,От 26 до 35 лет,Специалист/Менеджер,Женский,Operations,1,1,1,1,1,1,1,1,1,1,1,1,1,1,1,1,1,1,1,1,1,1,1,1,1,1,1,1,1,1,1,1,1,1,1,1,1,1,1,1,1,1,1,-1,1
emp_0183,От года до 3 лет,Старше 35 лет,N-2,Мужской,IT,1,1,1,1,1,1,1,1,1,1,1,1,1,1,1,1,1,1,1,1,1,1,1,1,1,1,1,1,1,1,1,1,1,1,1,1,1,1,1,1,1,1,1,1,1
emp_0184,От года до 3 лет,До 25 лет,Линейный руководитель,Мужской,Operations,1,-1,1,-1,1,1,1,1,-1,1,1,-1,1,-1,-1,1,-1,1,-1,1,-1,-1,1,1,-1,1,1,-1,1,1,-1,1,-1,-1,-1,-1,1,1,1,1,1,1,1,-1,1
emp_0185,До полугода,От 26 до 35 лет,Специалист/Менеджер,Мужской,IT,1,1,1,1,1,1,1,1,1,1,1,1,1,1,1,1,1,1,1,1,1,1,1,1,1,1,1,1,1,1,1,1,1,1,1,1,1,1,1,1,1,1,1,1,1
emp_0186,От года до 3 лет,От 26 до 35 лет,Специалист/Менеджер,Мужской,Marketing,1,1,1,-1,1,-1,1,1,1,1,1,1,1,-1,1,1,1,1,1,1,1,-1,1,1,1,1,-1,-1,1,1,1,-1,1,1,1,1,1,1,-1,1,1,1,1,1,1
emp_0187,До полугода,До 25 лет,Специалист/Менеджер,Женский,IT,-1,-1,1,1,1,-1,1,1,1,1,1,-1,1,1,1,1,1,1,1,1,1,-1,1,1,1,1,1,1,-1,-1,1,-1,1,1,1,0,-1,1,1,1,0,1,1,1,1
emp_0188,Более 5 лет,От 26 до 35 лет,Специалист/Менеджер,Женский,Administrative,1,1,1,-1,0,1,1,1,1,-1,1,1,1,1,1,1,0,-1,1,1,1,0,1,1,1,1,1,1,1,1,1,1,1,1,1,1,0,1,1,1,0,0,1,1,1
emp_0189,До полугода,От 26 до 35 лет,Специалист/Менеджер,Мужской,Product,-1,0,1,0,1,1,1,1,1,-1,0,1,0,-1,1,1,0,1,1,1,1,0,1,1,1,1,-1,-1,1,-1,1,1,0,-1,1,-1,1,1,1,0,1,1,-1,-1,1
emp_0190,От года до 3 лет,От 26 до 35 лет,Специалист/Менеджер,Мужской,Operations,1,1,1,0,1,1,1,1,0,1,1,0,1,1,1,1,-1,1,1,1,1,1,1,1,1,1,-1,1,1,1,1,1,0,1,1,0,1,1,1,1,0,1,-1,0,1
emp_0191,От года до 3 лет,Старше 35 лет,N-2,Мужской,Administrative,1,1,1,1,-1,1,1,1,1,1,1,1,1,1,1,1,1,1,1,1,1,1,1,1,1,1,-1,-1,1,1,1,1,1,1,1,1,1,1,1,1,1,1,1,1,1
emp_0192,От года до 3 лет,Старше 35 лет,N-2,Мужской,IT,-1,1,1,1,1,1,1,1,1,1,1,1,1,1,1,1,1,1,1,1,1,1,1,1,1,1,1,1,1,1,1,1,1,1,1,1,1,1,1,1,1,1,1,1,1
emp_0193,До полугода,До 25 лет,Специалист/Менеджер,Женский,Operations,-1,1,1,1,1,1,1,1,1,1,1,1,1,1,1,1,1,1,1,1,1,-1,1,1,1,1,-1,1,1,1,-1,1,1,1,1,1,1,1,1,1,1,1,1,-1,1
emp_0194,От 3 до 5 лет,Старше 35 лет,N-2,Женский,Operations,-1,1,1,-1,1,1,1,1,1,1,1,1,1,1,1,1,1,1,1,1,1,-1,1,1,1,1,-1,-1,1,1,1,1,-1,1,1,-1,1,1,1,1,-1,1,-1,-1,1
emp_0195,От года до 3 лет,От 26 до 35 лет,Специалист/Менеджер,Мужской,IT,1,1,1,1,1,1,1,1,1,1,1,1,1,-1,1,1,1,1,1,1,1,1,1,1,1,1,1,1,1,1,1,1,1,1,1,1,1,1,1,1,1,1,1,1,1
emp_0196,От года до 3 лет,От 26 до 35 лет,Специалист/Менеджер,Женский,Marketing,1,1,1,1,1,0,1,1,0,0,1,0,1,0,1,1,1,-1,0,1,1,1,1,1,1,0,1,1,-1,1,1,-1,1,1,1,1,1,1,-1,1,1,1,1,1,1
emp_0197,От полугода до года,От 26 до 35 лет,Специалист/Менеджер,Женский,Operations,1,1,1,1,1,1,1,1,1,1,1,1,1,1,1,1,1,1,1,1,1,1,1,1,1,1,1,1,1,1,1,1,1,1,1,1,1,1,1,1,1,1,1,-1,1
emp_0198,От года до 3 лет,Старше 35 лет,Специалист/Менеджер,Мужской,Marketing,1,1,1,0,1,1,1,1,1,1,1,1,1,-1,1,1,1,1,1,1,1,1,1,1,1,1,1,1,1,1,1,-1,0,1,1,1,1,1,1,1,1,1,1,-1,1
emp_0199,До полугода,От 26 до 35 лет,Специалист/Менеджер,Женский,Operations,1,1,1,1,1,1,1,1,1,1,1,1,1,1,1,1,1,1,1,1,1,1,1,1,1,1,1,1,1,1,1,1,1,1,1,1,1,1,1,1,1,1,1,1,1
emp_0200,До полугода,От 26 до 35 лет,Специалист/Менеджер,Мужской,Operations,1,1,1,1,1,1,1,1,1,1,1,1,1,1,1,1,1,1,1,1,1,1,1,1,1,1,1,1,1,1,1,1,1,1,1,1,1,1,1,1,1,1,1,1,1
emp_0201,От года до 3 лет,До 25 лет,Специалист/Менеджер,Женский,Operations,-1,1,1,1,1,1,1,1,1,1,1,0,1,1,-1,1,1,1,1,1,1,1,1,1,1,1,1,1,1,1,1,1,1,1,1,1,1,1,1,1,1,1,1,-1,1
emp_0202,От года до 3 лет,До 25 лет,Специалист/Менеджер,Женский,Operations,1,1,1,-1,-1,-1,0,1,1,1,1,-1,1,-1,1,1,1,1,0,1,1,1,1,1,1,1,1,1,1,1,1,-1,-1,1,1,1,1,1,1,1,0,1,-1,-1,1
emp_0203,Более 5 лет,От 26 до 35 лет,N-2,Мужской,IT,-1,1,1,1,0,1,1,1,1,1,1,-1,1,1,1,1,1,1,1,1,1,-1,1,1,1,1,1,0,1,1,1,1,1,1,1,1,1,0,1,1,-1,-1,1,1,1
emp_0204,От года до 3 лет,Старше 35 лет,Специалист/Менеджер,Мужской,Operations,1,1,1,1,1,1,1,1,1,1,1,1,1,1,1,1,1,1,1,1,1,1,1,1,1,1,1,1,1,1,1,1,1,1,1,1,1,1,1,1,1,1,1,0,1
emp_0205,Более 5 лет,От 26 до 35 лет,Специалист/Менеджер,Мужской,Operations,1,1,1,-1,0,1,1,1,0,1,1,1,1,1,1,1,-1,1,1,1,1,1,1,1,1,1,1,1,1,1,1,-1,1,1,1,-1,1,1,1,1,-1,1,-1,1,1
emp_0206,От года до 3 лет,От 26 до 35 лет,Специалист/Менеджер,Женский,Administrative,1,1,1,1,1,1,1,1,1,1,1,1,1,1,1,1,1,1,1,1,1,1,1,1,1,1,1,1,1,1,1,1,1,1,1,1,1,1,1,1,1,1,1,1,1
emp_0207,От года до 3 лет,От 26 до 35 лет,Специалист/Менеджер,Женский,IT,-1,-1,1,-1,1,1,1,0,1,1,1,1,1,1,1,1,0,1,1,1,1,-1,1,1,0,1,0,1,1,1,1,1,1,1,1,1,1,1,1,1,1,1,1,0,1
emp_0208,От 3 до 5 лет,От 26 до 35 лет,Специалист/Менеджер,Женский,Operations,-1,-1,1,-1,1,1,1,-1,-1,1,1,-1,1,1,1,1,-1,1,-1,1,1,1,1,1,1,1,1,-1,1,1,1,1,-1,1,1,-1,1,1,1,1,-1,1,1,-1,1
emp_0209,От 3 до 5 лет,От 26 до 35 лет,Специалист/Менеджер,Женский,Operations,1,-1,1,-1,0,1,1,-1,-1,1,1,-1,0,1,-1,0,0,1,-1,1,1,0,1,-1,0,-1,1,-1,1,1,1,-1,-1,-1,0,-1,-1,0,1,1,-1,0,1,-1,1
emp_0210,От года до 3 лет,От 26 до 35 лет,N-1 / Топ-менеджмент,Мужской,Finance,1,1,1,1,1,1,1,1,1,1,1,1,1,1,1,1,1,1,1,1,1,1,1,1,1,1,1,1,1,1,1,1,1,1,1,1,1,-1,1,1,1,1,1,1,1
emp_0211,Более 5 лет,Старше 35 лет,Специалист/Менеджер,Мужской,Administrative,-1,1,1,1,1,-1,1,1,1,1,1,1,1,1,1,1,-1,1,1,-1,1,1,1,1,1,1,1,1,1,1,1,1,1,1,1,1,-1,1,1,1,-1,1,1,-1,1
emp_0212,Более 5 лет,Старше 35 лет,Линейный руководитель,Мужской,Operations,1,0,1,0,1,1,1,1,0,1,1,0,1,1,0,1,1,1,0,1,1,0,1,1,1,1,0,1,1,1,1,1,1,1,1,1,1,1,1,1,1,1,1,1,1
emp_0213,От года до 3 лет,До 25 лет,Специалист/Менеджер,Женский,Operations,1,1,1,1,1,1,0,1,0,1,1,1,1,1,1,1,1,1,1,1,1,0,1,1,1,1,1,1,1,1,1,1,1,1,1,1,1,1,1,1,1,1,1,1,1
emp_0214,От 3 до 5 лет,От 26 до 35 лет,N-2,Мужской,Operations,1,1,1,1,1,1,-1,1,1,1,1,1,1,1,1,1,1,1,1,1,1,-1,1,1,1,1,1,1,1,1,1,1,1,1,1,1,1,1,1,-1,1,1,-1,1,1
emp_0215,От года до 3 лет,Старше 35 лет,Линейный руководитель,Мужской,Finance,-1,1,1,-1,1,1,1,1,1,1,1,1,1,1,1,1,1,1,1,1,1,1,1,1,1,1,1,1,1,1,-1,1,1,1,1,1,1,1,1,1,1,1,1,1,1
emp_0216,От полугода до года,Старше 35 лет,N-2,Женский,Finance,-1,0,1,-1,-1,-1,1,1,0,1,1,-1,1,-1,1,1,1,1,1,1,0,1,1,-1,1,1,-1,-1,1,1,-1,-1,1,1,1,-1,1,0,1,1,1,-1,0,0,-1
emp_0217,От полугода до года,От 26 до 35 лет,Специалист/Менеджер,Женский,Finance,1,1,1,1,1,1,1,1,1,1,1,1,1,1,1,1,1,1,1,1,1,1,1,1,1,1,1,1,1,1,1,1,1,1,1,1,1,1,1,1,1,1,1,1,1
emp_0218,От полугода до года,От 26 до 35 лет,Специалист/Менеджер,Мужской,Finance,1,0,1,-1,1,1,-1,-1,0,1,1,1,-1,-1,1,-1,1,-1,-1,1,-1,1,1,-1,-1,-1,-1,1,1,-1,1,-1,-1,1,-1,-1,1,-1,1,1,-1,0,-1,1,0
emp_0219,Более 5 лет,От 26 до 35 лет,N-2,Мужской,Operations,1,1,1,1,1,1,1,1,1,1,1,1,1,1,1,1,1,1,1,1,1,1,1,1,1,1,1,1,1,1,1,1,1,1,1,1,1,1,1,1,1,1,1,1,1
emp_0220,Более 5 лет,Старше 35 лет,N-2,Мужской,Operations,1,1,1,1,1,-1,1,1,1,1,1,1,1,1,1,1,1,1,1,1,1,1,1,1,1,1,1,1,1,1,1,-1,1,1,1,1,1,1,1,1,1,1,1,1,1
emp_0221,Более 5 лет,От 26 до 35 лет,N-2,Женский,Operations,1,1,1,-1,1,1,-1,1,1,-1,1,1,1,1,1,1,-1,1,1,1,1,1,1,1,1,1,1,1,1,1,1,1,1,1,1,1,-1,1,1,-1,1,1,1,1,1
emp_0222,Более 5 лет,От 26 до 35 лет,Специалист/Менеджер,Мужской,Operations,1,0,1,1,1,1,1,1,1,1,1,0,1,1,1,1,1,1,1,1,1,1,1,1,1,1,0,1,0,0,1,0,0,-1,1,0,1,1,0,1,1,0,0,0,1
emp_0223,Более 5 лет,От 26 до 35 лет,Специалист/Менеджер,Женский,Product,1,1,1,-1,1,1,1,-1,0,1,1,1,1,1,-1,1,1,1,1,1,1,0,1,1,1,1,1,1,1,1,1,-1,-1,1,1,-1,1,1,1,1,-1,1,1,-1,1
emp_0224,Более 5 лет,От 26 до 35 лет,N-2,Мужской,Operations,1,1,1,1,-1,1,1,1,1,1,1,1,1,1,1,1,1,1,0,1,1,0,1,0,1,1,1,1,1,1,1,-1,1,1,-1,1,1,1,1,1,-1,-1,1,-1,-1
emp_0225,Более 5 лет,От 26 до 35 лет,Специалист/Менеджер,Мужской,Operations,1,-1,1,-1,1,-1,1,1,-1,1,1,1,-1,1,1,1,-1,1,1,-1,1,-1,-1,1,1,1,1,1,1,1,1,1,-1,1,1,-1,-1,1,-1,1,-1,1,-1,-1,-1
emp_0226,От 3 до 5 лет,От 26 до 35 лет,Специалист/Менеджер,Мужской,Operations,-1,1,1,1,1,1,1,1,1,1,1,0,1,1,0,1,1,1,1,1,1,1,1,1,1,1,1,1,1,1,1,1,1,1,1,0,1,1,1,1,1,1,1,1,1
emp_0227,От 3 до 5 лет,От 26 до 35 лет,N-2,Мужской,Operations,-1,1,1,-1,1,1,1,1,1,1,1,1,1,1,1,1,1,1,1,1,1,-1,1,1,1,1,1,-1,1,1,-1,1,-1,1,1,-1,1,1,1,1,1,1,-1,-1,1
emp_0228,От 3 до 5 лет,От 26 до 35 лет,Линейный руководитель,Женский,Operations,1,0,0,0,0,0,1,1,0,1,1,1,1,1,1,1,1,1,0,1,1,1,1,1,1,1,-1,1,0,1,1,0,1,1,1,1,1,0,1,1,1,1,-1,1,1
emp_0229,От 3 до 5 лет,От 26 до 35 лет,Линейный руководитель,Мужской,IT,-1,-1,1,-1,1,-1,1,1,-1,1,1,-1,1,-1,1,1,1,-1,1,1,1,1,1,1,1,1,-1,-1,1,-1,1,-1,0,1,1,1,1,0,1,1,0,1,-1,-1,1
emp_0230,От 3 до 5 лет,От 26 до 35 лет,N-2,Женский,Operations,1,1,1,0,1,1,1,1,1,1,1,0,1,1,1,1,1,1,1,1,1,1,1,1,1,1,1,1,1,1,1,1,1,1,1,1,1,1,1,1,1,1,1,1,1
emp_0231,От 3 до 5 лет,От 26 до 35 лет,Специалист/Менеджер,Мужской,IT,1,1,1,-1,1,1,1,1,1,1,1,1,1,1,1,1,1,1,1,1,1,1,1,1,1,1,1,1,1,1,1,1,0,1,1,0,1,1,1,1,1,1,1,-1,1
emp_0232,От 3 до 5 лет,От 26 до 35 лет,Специалист/Менеджер,Мужской,Operations,1,1,1,1,-1,1,1,1,1,1,1,1,1,1,1,1,1,1,1,1,1,1,1,1,1,1,0,1,1,1,1,1,1,1,1,-1,1,1,1,1,1,1,1,1,1
emp_0233,От 3 до 5 лет,От 26 до 35 лет,Линейный руководитель,Мужской,Operations,1,1,1,1,1,-1,1,1,1,1,1,1,1,1,1,1,1,1,1,1,1,-1,1,1,1,1,1,1,1,1,1,1,-1,1,1,-1,1,1,1,1,1,1,-1,-1,1
emp_0234,От 3 до 5 лет,От 26 до 35 лет,Специалист/Менеджер,Мужской,Operations,-1,-1,1,-1,-1,-1,1,1,-1,1,1,-1,1,-1,1,1,0,1,1,1,1,1,-1,1,1,-1,-1,-1,-1,1,1,-1,-1,1,1,-1,1,-1,1,-1,-1,-1,-1,-1,-1
emp_0235,От 3 до 5 лет,От 26 до 35 лет,Линейный руководитель,Мужской,Operations,1,1,1,1,1,-1,1,1,1,1,1,1,1,1,1,1,1,1,1,1,1,1,1,1,1,1,1,1,1,1,1,1,1,1,1,1,1,1,1,1,1,1,-1,-1,1
emp_0236,От 3 до 5 лет,От 26 до 35 лет,Линейный руководитель,Мужской,Operations,1,1,1,1,1,1,1,1,1,1,1,1,1,1,1,1,1,1,1,1,1,1,1,1,1,1,1,1,1,1,1,1,1,1,1,1,1,1,1,1,1,-1,1,1,1
emp_0237,От 3 до 5 лет,От 26 до 35 лет,Линейный руководитель,Мужской,Operations,1,0,1,0,1,1,1,1,1,1,1,1,1,1,1,1,1,1,1,1,1,1,1,1,1,1,-1,1,1,1,1,1,1,1,1,0,1,1,1,1,-1,1,1,-1,-1
emp_0238,От 3 до 5 лет,От 26 до 35 лет,N-2,Мужской,Operations,1,1,1,-1,-1,1,1,1,1,1,1,1,1,-1,1,1,1,-1,1,1,1,1,1,1,1,1,1,1,1,1,1,1,1,1,1,-1,1,1,1,1,1,1,1,-1,1
emp_0239,От 3 до 5 лет,От 26 до 35 лет,Специалист/Менеджер,Мужской,Operations,1,-1,1,1,1,-1,1,1,-1,1,-1,-1,-1,1,-1,1,-1,1,1,1,1,-1,1,1,1,1,-1,1,1,1,1,-1,1,1,1,-1,1,1,-1,1,-1,1,1,-1,1
emp_0240,От 3 до 5 лет,До 25 лет,Линейный руководитель,Женский,Operations,1,-1,1,-1,1,1,1,1,1,1,1,1,1,1,1,1,1,1,0,1,1,1,1,1,1,1,1,1,1,1,1,0,1,1,1,1,1,1,1,1,1,1,1,-1,1
emp_0241,От 3 до 5 лет,От 26 до 35 лет,N-2,Женский,HR,1,1,1,1,1,1,1,1,1,1,1,1,1,1,1,1,1,1,1,1,1,1,1,1,1,1,1,1,1,1,1,1,1,1,1,1,1,1,1,1,1,1,1,0,1
emp_0242,От 3 до 5 лет,От 26 до 35 лет,Линейный руководитель,Женский,Operations,1,1,1,-1,1,0,1,0,1,1,1,1,1,1,1,1,1,1,1,1,1,1,1,1,1,0,0,1,1,1,1,0,0,1,1,-1,1,1,1,1,-1,1,1,1,1
emp_0243,От 3 до 5 лет,От 26 до 35 лет,Специалист/Менеджер,Мужской,Operations,-1,1,1,1,1,1,1,1,1,1,1,1,1,1,1,1,1,1,1,1,1,1,1,1,1,1,1,1,1,0,1,1,1,1,1,1,1,1,1,1,1,1,-1,1,1
emp_0244,От 3 до 5 лет,От 26 до 35 лет,Специалист/Менеджер,Женский,IT,1,-1,1,-1,1,-1,1,1,1,1,1,1,1,-1,-1,1,0,1,1,1,1,-1,1,1,1,1,1,1,1,-1,1,1,1,1,1,0,1,1,1,1,0,1,-1,1,1
emp_0245,От 3 до 5 лет,От 26 до 35 лет,Линейный руководитель,Женский,Administrative,-1,1,1,1,-1,1,1,1,1,1,1,1,1,1,1,1,1,1,1,1,1,1,1,-1,1,1,1,-1,1,1,1,1,1,1,1,0,-1,1,1,1,1,1,-1,1,-1
emp_0246,От года до 3 лет,От 26 до 35 лет,Линейный руководитель,Мужской,Operations,1,1,1,-1,1,1,1,1,1,1,1,1,1,1,1,1,1,1,1,1,1,1,1,1,1,1,1,1,1,1,1,1,1,1,1,-1,1,1,1,1,-1,1,1,1,1
emp_0247,От года до 3 лет,Старше 35 лет,Специалист/Менеджер,Женский,Operations,1,0,1,1,1,-1,1,1,1,1,1,1,1,1,1,1,1,1,1,1,1,1,1,1,1,1,1,1,1,1,1,1,1,1,1,-1,1,1,1,1,1,1,1,1,1
emp_0248,От года до 3 лет,От 26 до 35 лет,Линейный руководитель,Женский,Operations,-1,-1,1,-1,1,-1,1,-1,1,1,1,1,1,1,1,1,1,1,1,1,1,-1,1,1,1,1,1,1,1,1,1,1,-1,1,1,1,1,1,1,1,1,1,1,1,1
emp_0249,От года до 3 лет,От 26 до 35 лет,Специалист/Менеджер,Женский,Operations,1,1,1,-1,1,-1,1,1,-1,1,1,-1,1,1,1,1,1,-1,1,1,1,-1,1,1,1,-1,1,1,1,1,1,1,-1,1,1,-1,1,1,1,1,-1,1,1,1,1
emp_0250,От года до 3 лет,Старше 35 лет,Специалист/Менеджер,Мужской,Operations,1,1,1,1,1,-1,1,1,1,1,1,1,1,1,1,1,1,1,1,1,1,1,1,1,1,1,1,1,1,1,1,1,1,1,1,-1,1,1,1,1,1,1,1,1,1
emp_0251,От года до 3 лет,От 26 до 35 лет,Линейный руководитель,Женский,Operations,-1,1,1,1,1,1,1,1,1,1,1,1,1,1,1,1,0,1,1,1,1,1,1,1,1,1,-1,1,1,1,1,1,1,1,1,-1,1,1,1,1,1,1,-1,1,1
emp_0252,От года до 3 лет,От 26 до 35 лет,Специалист/Менеджер,Женский,Operations,-1,-1,1,0,-1,1,-1,0,0,1,1,0,1,0,1,1,0,1,0,1,1,1,1,1,-1,0,-1,-1,1,-1,1,0,1,0,1,-1,0,1,1,1,0,0,1,0,0
emp_0253,От года до 3 лет,От 26 до 35 лет,Специалист/Менеджер,Женский,Operations,1,0,1,1,1,1,1,1,1,1,1,1,1,1,1,1,1,1,1,1,1,1,1,1,1,1,1,1,1,1,1,1,1,1,1,0,1,1,1,1,1,1,1,1,1
emp_0254,От года до 3 лет,От 26 до 35 лет,Специалист/Менеджер,Мужской,Operations,1,1,1,1,1,1,1,1,1,1,1,1,1,1,1,1,1,1,1,1,1,1,1,1,1,1,1,1,1,1,1,1,1,1,1,1,1,1,1,1,1,1,1,1,1
emp_0255,От года до 3 лет,От 26 до 35 лет,Специалист/Менеджер,Женский,HR,1,1,1,-1,1,-1,1,1,1,1,1,1,1,1,1,1,1,1,1,1,1,1,1,1,1,1,1,1,1,1,1,1,1,1,1,1,1,1,1,1,1,1,1,1,1
emp_0256,От года до 3 лет,Старше 35 лет,Специалист/Менеджер,Мужской,Operations,-1,1,1,1,-1,1,-1,1,1,1,1,1,1,1,-1,-1,1,1,-1,-1,-1,1,-1,1,1,1,1,-1,1,1,-1,1,-1,1,1,1,1,-1,1,1,1,1,1,1,1
emp_0257,От года до 3 лет,От 26 до 35 лет,Специалист/Менеджер,Женский,Operations,-1,-1,1,0,1,1,-1,-1,0,1,1,-1,0,-1,1,1,1,1,-1,1,1,1,1,-1,1,1,-1,-1,-1,1,1,-1,-1,-1,-1,1,1,1,-1,1,1,-1,0,-1,-1
emp_0258,От года до 3 лет,От 26 до 35 лет,Специалист/Менеджер,Женский,Operations,1,1,1,-1,0,1,1,1,1,1,1,1,1,1,1,1,1,1,1,1,1,1,1,1,1,1,1,1,1,1,1,1,1,1,1,-1,1,1,1,1,1,1,1,-1,1
emp_0259,От года до 3 лет,До 25 лет,Специалист/Менеджер,Женский,Operations,1,1,1,1,0,1,1,0,-1,1,1,0,0,0,-1,-1,0,1,0,1,1,1,1,1,0,1,-1,1,1,-1,1,1,1,0,1,1,0,1,0,0,1,1,1,0,1
emp_0260,От года до 3 лет,Старше 35 лет,Линейный руководитель,Мужской,IT,1,-1,1,-1,-1,1,1,1,0,1,1,-1,1,1,1,1,1,1,1,1,-1,0,1,1,1,1,-1,-1,1,1,-1,-1,1,1,1,1,1,1,-1,0,1,-1,-1,-1,-1
emp_0261,От года до 3 лет,Старше 35 лет,Специалист/Менеджер,Женский,Operations,1,1,1,1,1,1,1,1,1,1,1,1,1,1,1,1,1,1,1,1,1,1,1,1,1,1,1,1,1,1,1,1,1,1,1,1,1,1,1,1,1,1,1,1,1
emp_0262,От года до 3 лет,От 26 до 35 лет,Специалист/Менеджер,Женский,Operations,1,0,1,1,1,1,1,1,1,1,1,1,1,1,1,1,1,1,1,1,1,1,1,1,1,1,1,1,1,1,1,1,1,1,1,-1,1,1,1,1,1,1,1,1,1
emp_0263,От года до 3 лет,До 25 лет,Линейный руководитель,Женский,Operations,1,1,1,1,1,-1,1,1,1,1,1,1,-1,1,1,1,1,1,1,1,1,-1,1,1,1,1,1,1,1,1,1,1,1,1,1,1,1,1,1,1,1,1,1,1,1
emp_0264,От года до 3 лет,От 26 до 35 лет,Специалист/Менеджер,Женский,Operations,-1,1,1,-1,1,-1,-1,1,1,1,1,-1,0,-1,-1,-1,1,-1,-1,-1,-1,-1,-1,1,1,1,-1,1,1,-1,1,-1,-1,-1,1,-1,1,1,1,1,-1,1,-1,-1,1
emp_0265,От года до 3 лет,До 25 лет,Специалист/Менеджер,Женский,Operations,1,1,1,0,1,1,1,1,1,1,1,1,1,1,1,1,1,1,1,1,1,1,1,1,-1,1,1,1,1,1,1,1,1,1,1,1,1,1,1,1,1,1,1,-1,1
emp_0266,От года до 3 лет,От 26 до 35 лет,Специалист/Менеджер,Женский,Operations,1,1,1,1,1,1,1,1,1,1,1,1,1,1,1,1,1,1,1,1,1,1,1,1,1,1,1,1,1,1,1,1,1,1,1,1,1,1,1,1,1,1,1,1,-1
emp_0267,От года до 3 лет,Старше 35 лет,Линейный руководитель,Женский,Administrative,-1,-1,1,-1,-1,1,1,1,1,1,1,1,1,-1,1,1,-1,1,1,1,1,-1,-1,-1,1,1,-1,-1,-1,-1,1,-1,-1,1,-1,-1,1,0,1,1,-1,-1,-1,1,-1
emp_0268,От года до 3 лет,От 26 до 35 лет,Специалист/Менеджер,Мужской,Operations,1,-1,1,-1,1,1,1,-1,-1,1,1,-1,-1,-1,1,1,-1,1,-1,1,-1,-1,1,1,1,1,1,1,-1,-1,1,-1,-1,-1,-1,-1,-1,-1,1,1,-1,-1,1,-1,1
emp_0269,От года до 3 лет,От 26 до 35 лет,Специалист/Менеджер,Мужской,Operations,1,1,-1,1,-1,1,1,1,0,1,1,1,1,1,1,1,1,-1,1,1,1,1,-1,1,1,-1,-1,1,1,1,1,-1,-1,1,-1,-1,1,1,1,1,-1,-1,-1,1,1
emp_0270,От года до 3 лет,От 26 до 35 лет,Специалист/Менеджер,Женский,Operations,1,-1,1,-1,1,1,1,1,0,1,1,-1,1,1,1,1,1,1,1,1,1,-1,1,1,1,1,-1,1,1,1,-1,1,1,1,1,-1,1,1,1,1,1,1,1,-1,1
emp_0271,От года до 3 лет,До 25 лет,Специалист/Менеджер,Женский,Operations,1,1,1,1,1,1,1,1,1,1,1,1,0,1,0,1,1,1,1,1,1,1,1,1,1,1,1,1,1,1,1,1,1,1,1,-1,1,1,1,1,-1,1,0,1,1
emp_0272,От года до 3 лет,От 26 до 35 лет,Специалист/Менеджер,Мужской,Operations,1,1,1,-1,1,-1,1,1,1,1,1,1,1,1,1,1,1,1,1,1,1,1,1,1,1,1,1,1,1,1,1,1,-1,1,1,-1,1,1,1,1,1,1,1,-1,1
emp_0273,От года до 3 лет,До 25 лет,Специалист/Менеджер,Женский,Operations,1,1,1,0,1,1,1,0,0,1,1,0,0,0,1,1,0,1,1,1,1,1,1,1,1,1,1,1,1,1,1,0,1,1,1,0,1,1,1,1,0,1,1,0,1
emp_0274,От года до 3 лет,От 26 до 35 лет,Специалист/Менеджер,Женский,Operations,0,-1,1,-1,1,0,1,1,1,1,1,1,1,1,1,0,1,1,1,1,1,0,1,1,1,1,0,1,1,-1,1,1,0,1,1,-1,1,1,1,1,1,1,0,-1,1
emp_0275,От года до 3 лет,Старше 35 лет,Специалист/Менеджер,Мужской,IT,1,1,1,0,-1,1,1,1,1,1,1,1,1,0,1,0,1,1,1,1,1,1,1,1,1,-1,-1,1,1,1,1,-1,0,1,1,-1,1,0,1,1,0,-1,1,-1,1
emp_0276,От года до 3 лет,От 26 до 35 лет,Специалист/Менеджер,Женский,Operations,1,1,1,1,1,1,1,1,1,1,1,1,1,1,1,1,1,1,1,1,1,1,1,1,1,1,1,1,1,1,1,1,1,1,1,1,1,1,1,1,1,1,1,1,1
emp_0277,От года до 3 лет,От 26 до 35 лет,Специалист/Менеджер,Женский,Operations,1,1,1,1,1,1,1,1,1,1,1,1,1,1,1,1,1,1,1,1,1,0,1,1,1,1,1,1,1,1,1,1,1,1,1,-1,1,1,1,1,-1,1,1,1,1
emp_0278,От года до 3 лет,От 26 до 35 лет,Специалист/Менеджер,Мужской,Operations,1,1,1,1,1,1,1,1,1,1,1,0,1,1,1,1,1,1,1,1,1,0,1,1,1,1,1,1,1,1,1,1,1,1,1,1,1,1,1,1,1,1,1,1,1
emp_0279,От года до 3 лет,От 26 до 35 лет,Специалист/Менеджер,Мужской,Operations,1,1,1,1,1,1,1,1,1,1,1,1,1,1,1,1,1,1,1,1,1,1,1,1,1,1,1,1,1,1,1,1,1,-1,1,1,1,1,1,1,1,1,1,1,1
emp_0280,От года до 3 лет,От 26 до 35 лет,Специалист/Менеджер,Женский,Operations,-1,1,1,1,1,1,1,1,0,1,1,-1,1,-1,1,1,1,1,1,1,1,-1,1,-1,1,1,1,-1,-1,-1,1,1,-1,1,1,1,1,1,1,1,1,0,1,1,-1
emp_0281,От года до 3 лет,От 26 до 35 лет,Специалист/Менеджер,Мужской,Operations,1,1,1,1,1,1,1,1,1,1,1,1,1,0,1,1,1,1,1,1,1,1,1,1,1,1,1,-1,1,1,1,1,1,1,1,-1,1,1,1,1,1,1,1,-1,1
emp_0282,От года до 3 лет,От 26 до 35 лет,Специалист/Менеджер,Женский,Operations,1,-1,1,0,1,-1,1,1,-1,1,1,-1,-1,1,-1,-1,-1,1,-1,1,1,1,1,1,1,1,-1,1,1,-1,1,-1,1,-1,1,-1,1,-1,-1,1,-1,-1,-1,-1,1
emp_0283,От года до 3 лет,От 26 до 35 лет,Специалист/Менеджер,Женский,Operations,1,1,1,0,1,1,1,1,1,1,1,1,1,1,1,1,1,0,1,1,1,1,1,1,0,1,1,1,1,1,1,1,1,1,1,0,1,0,1,0,1,1,1,-1,1
emp_0284,От года до 3 лет,Старше 35 лет,Специалист/Менеджер,Мужской,Administrative,1,1,1,0,1,1,1,1,1,1,1,-1,1,1,1,1,1,1,1,1,1,1,1,1,1,1,1,1,1,1,1,1,1,1,1,1,1,1,1,1,1,1,1,1,1
emp_0285,От года до 3 лет,До 25 лет,Специалист/Менеджер,Мужской,Operations,1,1,1,0,0,0,1,1,1,1,1,1,1,1,1,1,1,1,1,1,1,1,1,1,1,1,-1,1,1,1,1,1,1,1,1,1,1,1,1,1,1,1,1,0,1
emp_0286,От года до 3 лет,До 25 лет,Специалист/Менеджер,Женский,Operations,1,0,1,0,1,1,1,1,0,1,1,0,1,1,0,1,1,1,1,1,1,0,1,1,0,1,0,0,1,1,1,1,1,1,1,-1,1,1,1,1,1,1,1,1,0
emp_0287,От года до 3 лет,От 26 до 35 лет,Специалист/Менеджер,Женский,HR,1,1,1,-1,0,-1,1,1,1,1,1,0,1,-1,1,1,1,1,1,1,1,1,1,1,1,1,1,-1,1,1,1,0,0,1,1,-1,1,1,1,1,1,1,1,-1,1
emp_0288,От года до 3 лет,До 25 лет,Специалист/Менеджер,Женский,Operations,1,1,1,1,1,1,1,1,-1,1,1,-1,1,1,1,1,1,-1,1,1,1,1,1,1,1,1,1,1,1,1,1,1,1,1,1,1,1,1,1,1,1,1,1,1,1
emp_0289,От года до 3 лет,От 26 до 35 лет,Специалист/Менеджер,Женский,Operations,1,1,1,1,1,1,1,1,1,1,1,1,1,1,1,1,1,1,1,1,1,1,1,1,1,1,1,1,1,1,1,1,1,1,1,1,1,1,1,1,1,1,1,1,1
emp_0290,От года до 3 лет,От 26 до 35 лет,Специалист/Менеджер,Женский,Operations,1,1,1,1,1,1,1,1,1,1,1,1,1,1,1,1,1,1,1,1,1,1,1,1,1,1,1,1,1,1,1,1,1,1,1,1,1,1,1,1,1,1,1,1,1
emp_0291,От года до 3 лет,До 25 лет,Специалист/Менеджер,Женский,Operations,1,1,1,1,0,1,1,1,1,1,1,1,1,1,1,1,1,1,1,1,1,1,1,1,1,1,1,1,1,1,1,1,1,1,1,1,1,1,1,1,1,1,1,1,1
emp_0292,От года до 3 лет,Старше 35 лет,Специалист/Менеджер,Мужской,IT,-1,-1,1,-1,-1,-1,1,-1,-1,1,1,1,1,1,-1,1,-1,-1,1,1,-1,1,1,1,1,1,-1,-1,1,-1,1,-1,-1,1,1,-1,1,-1,1,-1,-1,-1,1,-1,1
emp_0293,От года до 3 лет,До 25 лет,Линейный руководитель,Женский,Operations,1,1,1,1,1,1,1,1,1,1,1,1,1,1,1,1,1,1,1,1,1,1,1,1,1,1,1,1,1,1,1,1,1,1,1,1,1,1,1,1,1,1,1,1,1
emp_0294,От года до 3 лет,От 26 до 35 лет,Специалист/Менеджер,Мужской,Operations,1,1,1,-1,1,-1,1,1,0,1,1,-1,0,0,1,1,-1,1,1,1,1,1,1,1,1,1,0,1,1,-1,1,-1,-1,1,1,-1,-1,1,1,-1,-1,-1,-1,-1,0
emp_0295,От года до 3 лет,От 26 до 35 лет,Специалист/Менеджер,Женский,Operations,-1,1,1,-1,0,1,1,1,1,1,1,1,1,-1,1,1,1,1,1,1,1,-1,1,1,1,1,-1,-1,1,1,1,-1,1,1,1,-1,1,1,1,1,1,1,1,-1,1
emp_0296,От года до 3 лет,От 26 до 35 лет,Специалист/Менеджер,Женский,Operations,1,1,1,1,1,-1,1,1,1,1,1,1,1,1,1,1,1,1,1,1,1,1,1,1,1,1,1,1,1,1,1,1,1,1,1,1,1,1,1,1,1,1,1,1,1
emp_0297,От года до 3 лет,От 26 до 35 лет,Специалист/Менеджер,Мужской,Operations,1,1,1,1,0,1,1,1,1,1,1,1,1,1,1,1,1,1,1,1,1,1,1,-1,1,1,1,1,1,1,1,1,1,1,0,1,1,1,1,1,1,1,1,1,1
emp_0298,От года до 3 лет,До 25 лет,Специалист/Менеджер,Женский,Administrative,1,1,1,1,1,1,1,1,1,-1,1,-1,1,1,1,-1,1,1,1,1,1,1,1,1,1,1,-1,1,1,1,1,1,1,1,1,-1,1,1,1,1,1,1,1,1,1
emp_0299,От года до 3 лет,До 25 лет,Линейный руководитель,Мужской,IT,-1,-1,1,1,1,1,1,1,1,1,1,1,1,1,1,1,1,1,1,1,1,1,1,1,1,1,1,1,1,-1,1,1,1,1,1,1,1,1,1,1,1,1,1,-1,1
emp_0300,От года до 3 лет,От 26 до 35 лет,Специалист/Менеджер,Женский,Operations,-1,1,1,1,1,-1,1,1,1,1,1,1,1,1,1,1,1,1,1,-1,1,1,-1,1,1,1,1,1,1,1,1,-1,1,1,1,-1,1,1,1,1,-1,1,1,1,1
emp_0301,От года до 3 лет,От 26 до 35 лет,Специалист/Менеджер,Женский,Operations,1,1,1,-1,1,1,1,1,1,1,1,1,0,1,1,0,1,1,1,1,1,1,1,1,1,1,1,1,1,1,1,1,1,1,1,0,1,1,1,1,0,1,1,1,1
emp_0302,От года до 3 лет,До 25 лет,Специалист/Менеджер,Женский,Operations,-1,1,1,1,1,-1,-1,-1,1,1,0,-1,0,1,-1,-1,1,1,-1,1,1,1,1,1,1,1,1,1,1,1,1,1,1,-1,1,1,1,1,0,0,0,1,-1,1,1
emp_0303,От года до 3 лет,От 26 до 35 лет,Специалист/Менеджер,Женский,Operations,1,1,1,1,-1,1,1,1,1,1,1,1,1,1,1,1,1,1,1,1,1,1,1,1,1,1,1,-1,1,1,1,1,1,1,1,1,1,1,1,1,1,1,1,1,1
emp_0304,От года до 3 лет,Старше 35 лет,Специалист/Менеджер,Мужской,Operations,1,1,1,1,1,1,1,1,1,1,1,1,1,1,1,1,1,1,1,1,1,1,1,1,1,1,1,1,1,1,1,1,1,1,1,-1,1,1,1,1,1,1,1,1,0
emp_0305,От года до 3 лет,От 26 до 35 лет,Специалист/Менеджер,Мужской,Operations,1,1,1,-1,1,-1,1,1,1,-1,-1,-1,1,1,-1,1,1,1,-1,1,1,1,1,-1,-1,1,-1,-1,-1,1,1,-1,-1,1,-1,-1,-1,1,1,-1,-1,-1,-1,1,-1
emp_0306,От года до 3 лет,От 26 до 35 лет,Специалист/Менеджер,Мужской,Operations,-1,-1,-1,-1,-1,1,1,1,-1,1,1,0,-1,1,-1,-1,-1,-1,1,-1,-1,-1,1,1,1,-1,-1,1,-1,1,1,-1,-1,1,-1,-1,-1,1,1,-1,-1,-1,-1,-1,1
emp_0307,От года до 3 лет,До 25 лет,Специалист/Менеджер,Женский,Operations,1,-1,1,0,1,1,1,1,0,1,1,1,1,1,1,1,1,1,1,1,1,1,1,1,1,1,0,-1,1,1,1,1,1,1,1,-1,1,1,1,1,1,1,1,1,1
emp_0308,От года до 3 лет,До 25 лет,Специалист/Менеджер,Мужской,IT,1,-1,1,1,1,1,1,1,-1,1,1,1,1,1,1,1,1,1,1,1,1,1,1,1,1,1,1,1,1,1,1,0,1,0,1,1,1,1,1,1,0,1,1,1,1
emp_0309,От года до 3 лет,От 26 до 35 лет,Специалист/Менеджер,Мужской,Operations,1,1,1,-1,1,1,1,1,-1,1,1,1,1,1,1,-1,1,1,-1,1,1,1,1,1,1,1,1,-1,1,1,1,-1,1,1,1,-1,1,1,1,1,0,-1,1,-1,1
emp_0310,От года до 3 лет,От 26 до 35 лет,Специалист/Менеджер,Женский,Operations,1,1,1,0,0,1,1,1,1,1,1,1,1,1,1,1,1,1,1,1,1,1,1,1,1,1,1,1,1,1,1,1,1,1,1,1,1,1,1,1,1,1,1,1,1
emp_0311,От года до 3 лет,До 25 лет,Специалист/Менеджер,Женский,Operations,-1,-1,1,-1,1,-1,0,0,-1,1,1,-1,-1,-1,1,-1,1,1,1,1,-1,-1,-1,-1,1,0,-1,1,1,1,1,-1,1,-1,1,1,1,-1,1,1,0,1,-1,1,1
emp_0312,От года до 3 лет,От 26 до 35 лет,Специалист/Менеджер,Женский,HR,0,1,1,1,1,1,1,1,0,1,1,1,1,1,1,1,1,1,1,1,1,0,1,1,1,1,1,-1,1,1,1,1,0,1,1,-1,1,1,1,1,1,1,1,-1,1
emp_0313,От года до 3 лет,От 26 до 35 лет,Специалист/Менеджер,Женский,Operations,-1,-1,1,-1,1,-1,1,0,-1,1,1,-1,-1,-1,-1,1,0,1,-1,1,0,-1,-1,-1,1,-1,-1,0,-1,-1,1,-1,-1,1,-1,-1,1,-1,0,-1,-1,-1,-1,-1,-1
emp_0314,От года до 3 лет,До 25 лет,Специалист/Менеджер,Женский,Operations,1,1,1,1,1,1,1,1,1,1,1,1,1,1,1,1,1,1,1,1,1,1,1,1,1,1,1,1,1,1,1,1,1,1,1,1,1,1,1,1,1,1,1,1,1
emp_0315,От года до 3 лет,От 26 до 35 лет,Специалист/Менеджер,Женский,Operations,1,1,1,1,1,1,1,1,1,1,1,1,1,1,1,1,1,1,1,1,1,1,1,1,1,1,1,1,1,1,1,1,1,1,1,1,1,1,1,1,1,1,1,1,1
emp_0316,От года до 3 лет,От 26 до 35 лет,Специалист/Менеджер,Женский,Operations,1,-1,1,-1,0,1,1,1,1,1,1,1,1,1,1,1,1,1,1,1,1,1,1,0,0,1,-1,0,1,1,1,1,1,1,1,-1,1,1,1,1,1,1,1,1,1
emp_0317,От полугода до года,От 26 до 35 лет,Специалист/Менеджер,Мужской,IT,-1,-1,1,0,1,1,1,0,1,1,1,-1,1,1,1,1,-1,1,1,1,1,-1,1,1,1,1,-1,-1,1,1,1,-1,0,1,1,1,1,1,1,1,-1,-1,1,1,1
emp_0318,От полугода до года,От 26 до 35 лет,Специалист/Менеджер,Женский,Operations,1,1,1,1,1,1,1,1,1,1,1,1,1,1,1,1,1,1,1,1,1,1,1,1,1,1,1,1,1,1,1,1,1,1,1,1,1,1,1,1,1,1,1,1,1
emp_0319,От полугода до года,До 25 лет,Специалист/Менеджер,Женский,Operations,1,1,1,1,1,1,1,1,1,1,1,1,1,1,1,1,1,1,1,1,1,1,1,1,1,1,1,1,1,1,1,1,1,1,1,1,1,1,1,1,1,1,1,1,1
emp_0320,От полугода до года,До 25 лет,Специалист/Менеджер,Женский,Operations,-1,-1,1,0,-1,-1,1,1,0,1,1,-1,1,-1,1,1,1,1,-1,-1,0,1,-1,-1,1,1,-1,-1,1,-1,1,1,1,1,1,-1,1,0,1,1,-1,1,-1,1,-1
emp_0321,От полугода до года,От 26 до 35 лет,Специалист/Менеджер,Женский,Operations,1,1,1,1,1,1,1,1,1,1,1,1,1,1,1,1,1,1,1,1,1,1,1,1,1,1,1,1,1,1,1,1,1,1,1,1,1,1,1,1,1,1,1,-1,1
emp_0322,От полугода до года,От 26 до 35 лет,Специалист/Менеджер,Мужской,Operations,1,-1,1,1,1,1,1,1,1,1,1,1,1,1,1,1,1,1,1,1,1,1,1,1,1,1,1,1,1,1,1,1,1,1,1,1,1,1,1,1,1,1,1,-1,1
emp_0323,От полугода до года,От 26 до 35 лет,Специалист/Менеджер,Женский,Operations,1,1,1,0,1,1,1,1,1,1,1,0,1,1,1,1,1,1,1,1,1,1,1,1,1,1,1,1,1,1,1,1,1,1,1,0,1,1,1,1,1,1,1,1,1
emp_0324,От полугода до года,От 26 до 35 лет,Специалист/Менеджер,Женский,Operations,1,1,1,-1,0,1,1,1,1,1,1,1,1,1,1,1,1,1,1,1,1,1,1,1,1,1,1,1,1,1,1,1,1,1,1,1,1,1,1,1,1,1,1,1,1
emp_0325,От полугода до года,До 25 лет,Специалист/Менеджер,Женский,Operations,-1,1,1,1,1,1,1,1,1,1,1,1,1,1,1,1,1,1,1,1,1,1,1,1,1,1,1,1,1,1,-1,1,1,1,1,1,1,1,1,1,1,1,1,1,1
emp_0326,До полугода,До 25 лет,Специалист/Менеджер,Женский,Operations,1,1,1,1,-1,1,1,1,1,1,1,1,1,1,1,1,1,1,1,1,1,1,1,1,1,1,1,1,1,1,1,1,1,1,1,1,1,1,1,1,1,1,1,1,1
emp_0327,До полугода,До 25 лет,Специалист/Менеджер,Мужской,IT,1,1,1,1,1,1,-1,1,1,1,1,1,1,1,1,1,1,1,1,1,1,1,1,1,1,1,1,1,1,1,1,1,1,1,1,1,1,1,1,1,1,1,1,1,1
emp_0328,До полугода,От 26 до 35 лет,Специалист/Менеджер,Женский,Operations,1,1,1,1,1,1,1,1,1,-1,1,-1,1,1,1,1,1,1,1,-1,1,1,-1,1,1,1,-1,-1,1,1,1,1,1,1,1,-1,-1,1,1,1,1,1,1,1,1
emp_0329,До полугода,От 26 до 35 лет,Специалист/Менеджер,Мужской,Operations,1,1,1,-1,1,1,1,1,1,1,1,1,1,1,1,1,1,1,1,1,1,1,1,1,1,1,1,1,1,1,1,1,1,1,1,1,1,1,1,1,1,1,1,1,1
emp_0330,До полугода,От 26 до 35 лет,Специалист/Менеджер,Женский,IT,1,-1,1,1,1,1,1,1,-1,1,1,1,1,1,1,1,1,1,1,1,1,1,1,1,1,1,1,1,1,1,1,1,1,1,1,1,1,1,1,1,1,1,1,1,1
emp_0331,До полугода,От 26 до 35 лет,Специалист/Менеджер,Женский,Operations,1,1,1,0,1,1,1,1,1,1,1,1,1,1,1,1,1,0,1,1,1,1,1,1,1,1,0,1,1,1,1,1,1,1,1,1,1,1,1,1,0,0,1,1,1
emp_0332,До полугода,От 26 до 35 лет,Специалист/Менеджер,Мужской,Operations,1,1,1,1,1,1,1,1,0,1,1,-1,1,1,1,1,1,1,1,1,1,0,1,1,1,1,1,1,1,1,1,1,1,1,1,-1,1,1,1,1,0,0,1,1,1
emp_0333,До полугода,Старше 35 лет,Специалист/Менеджер,Мужской,Operations,1,1,1,1,1,1,1,1,1,1,1,0,1,1,1,1,1,1,1,1,1,0,1,1,1,1,1,1,1,1,-1,1,1,1,1,0,1,1,1,1,1,1,1,1,1
emp_0334,До полугода,От 26 до 35 лет,Специалист/Менеджер,Женский,Operations,1,1,1,-1,1,1,1,1,1,1,1,-1,1,1,1,0,1,1,1,1,1,1,1,1,1,1,1,1,1,1,1,1,-1,1,1,0,1,1,1,1,1,1,1,-1,1
emp_0335,До полугода,От 26 до 35 лет,Специалист/Менеджер,Мужской,Operations,1,1,1,1,1,1,1,1,0,1,1,1,1,1,1,-1,1,0,1,1,1,1,1,1,1,0,1,1,1,1,1,0,1,1,1,1,1,1,1,1,0,1,1,1,1
emp_0336,До полугода,От 26 до 35 лет,Специалист/Менеджер,Женский,Operations,1,1,1,-1,1,1,1,1,1,1,1,1,1,1,1,1,1,1,1,1,1,-1,1,1,1,1,1,1,1,1,1,1,1,1,1,1,1,1,1,1,1,1,1,1,1
emp_0337,До полугода,От 26 до 35 лет,Специалист/Менеджер,Женский,Operations,1,1,1,-1,1,1,1,1,1,1,1,-1,1,1,1,1,1,1,1,1,1,1,1,1,1,1,1,1,1,1,1,1,1,1,1,1,1,1,1,1,1,1,1,1,1
emp_0338,До полугода,От 26 до 35 лет,Специалист/Менеджер,Женский,Operations,1,1,1,1,1,1,1,1,1,1,1,1,1,1,1,1,1,1,1,1,1,-1,1,1,1,1,0,1,1,1,1,1,1,1,1,1,1,1,1,1,1,1,1,1,1
emp_0339,До полугода,До 25 лет,Специалист/Менеджер,Мужской,Operations,1,1,1,1,1,1,1,1,1,1,1,1,1,1,1,1,1,1,1,1,1,1,1,1,1,1,1,1,1,1,1,1,1,1,1,1,1,1,1,1,1,1,1,1,1
emp_0340,До полугода,До 25 лет,Специалист/Менеджер,Мужской,Operations,1,1,1,0,1,1,1,1,1,1,1,-1,1,1,1,1,1,1,1,1,1,1,1,1,1,1,0,1,1,1,1,1,1,1,1,1,1,1,1,1,1,1,1,1,1
emp_0341,До полугода,До 25 лет,Специалист/Менеджер,Женский,Operations,1,1,1,0,1,0,1,1,1,0,1,0,1,1,1,-1,0,0,1,1,1,-1,1,1,-1,0,0,1,1,1,1,0,0,1,-1,1,-1,-1,1,1,0,0,1,0,-1
emp_0342,До полугода,От 26 до 35 лет,Специалист/Менеджер,Женский,Operations,1,1,1,1,1,1,1,1,1,1,1,1,0,1,1,1,0,1,1,1,1,0,1,1,1,1,1,1,1,1,1,1,0,1,1,1,1,1,1,1,1,1,1,0,1
emp_0343,До полугода,До 25 лет,Специалист/Менеджер,Женский,Administrative,1,1,1,0,1,1,1,1,1,1,1,0,1,0,1,0,1,1,1,1,1,1,1,1,1,1,1,1,1,1,0,1,1,1,1,1,1,1,1,1,1,1,1,0,-1
emp_0344,От года до 3 лет,От 26 до 35 лет,Специалист/Менеджер,Женский,Operations,1,1,1,-1,-1,-1,1,1,1,1,1,1,1,1,1,1,1,-1,1,1,1,0,1,-1,1,-1,-1,-1,1,-1,1,1,-1,1,1,-1,1,-1,1,1,1,-1,-1,-1,-1
emp_0345,От года до 3 лет,Старше 35 лет,Специалист/Менеджер,Мужской,Operations,-1,1,1,1,1,1,1,1,1,1,1,1,1,1,1,1,1,1,1,1,1,1,1,1,1,1,1,1,1,1,1,1,1,1,1,1,1,1,1,1,1,1,1,1,1
emp_0346,От полугода до года,От 26 до 35 лет,Специалист/Менеджер,Женский,Operations,1,1,1,1,-1,1,1,1,1,1,1,1,1,1,1,1,1,1,-1,1,1,1,1,-1,1,1,1,-1,-1,1,1,1,1,1,1,1,1,1,1,1,1,1,1,1,-1
emp_0347,От полугода до года,До 25 лет,Специалист/Менеджер,Мужской,Operations,-1,1,1,1,1,-1,1,1,-1,1,1,1,1,1,1,1,1,-1,1,1,1,-1,1,-1,1,1,1,-1,1,-1,1,-1,-1,1,1,1,1,-1,1,1,-1,1,-1,-1,-1
emp_0348,До полугода,До 25 лет,Специалист/Менеджер,Мужской,Operations,-1,1,1,-1,-1,-1,1,1,1,1,1,-1,1,-1,-1,-1,-1,1,1,1,-1,-1,-1,-1,1,1,-1,1,-1,1,1,-1,-1,1,-1,-1,1,-1,1,1,1,-1,-1,1,-1
emp_0349,До полугода,Старше 35 лет,N-2,Мужской,Operations,1,1,1,1,1,1,-1,1,1,1,1,1,1,1,1,1,-1,1,1,1,1,1,1,1,1,1,1,1,1,-1,1,1,1,1,1,1,1,1,1,1,1,1,1,1,1
emp_0350,От года до 3 лет,От 26 до 35 лет,Специалист/Менеджер,Мужской,IT,1,1,1,1,1,1,1,1,1,1,1,1,1,1,1,1,1,1,0,1,1,1,1,1,1,1,1,1,1,1,1,1,1,1,1,0,1,1,1,1,1,1,1,1,1
emp_0351,От года до 3 лет,От 26 до 35 лет,N-2,Женский,HR,1,1,1,-1,1,1,1,1,1,1,1,1,1,1,1,1,1,1,1,1,1,1,1,1,1,1,1,1,1,1,1,1,1,1,1,1,1,1,1,1,1,1,1,1,1
emp_0352,До полугода,От 26 до 35 лет,Специалист/Менеджер,Женский,HR,-1,1,1,0,1,0,1,1,1,-1,1,1,1,1,1,1,1,1,1,1,1,0,1,1,1,1,1,1,1,1,1,1,0,1,1,1,1,1,1,1,1,0,1,1,1
emp_0353,От года до 3 лет,От 26 до 35 лет,N-2,Мужской,Administrative,1,1,1,-1,1,1,1,1,-1,1,1,1,1,1,1,1,1,1,1,1,1,1,1,1,1,1,-1,1,1,1,1,1,1,1,1,1,1,1,1,1,1,1,1,-1,1
emp_0354,До полугода,От 26 до 35 лет,Специалист/Менеджер,Мужской,IT,1,1,1,1,1,1,1,1,1,1,1,1,1,1,1,1,1,1,1,1,1,1,1,1,1,1,1,1,1,1,1,1,1,1,1,1,1,1,1,0,1,1,1,1,1
emp_0355,Более 5 лет,От 26 до 35 лет,Линейный руководитель,Мужской,IT,1,-1,1,-1,-1,-1,-1,0,-1,1,0,-1,0,1,-1,1,-1,1,0,-1,-1,0,-1,0,1,1,-1,-1,1,-1,1,-1,-1,-1,0,1,1,-1,1,-1,-1,-1,-1,-1,1
emp_0356,От полугода до года,От 26 до 35 лет,N-2,Мужской,IT,1,1,1,-1,1,1,1,1,1,1,1,-1,1,1,0,1,1,1,1,1,1,1,1,1,1,1,-1,1,1,-1,1,-1,1,1,1,1,1,0,1,1,1,1,1,-1,1
emp_0357,От года до 3 лет,От 26 до 35 лет,Специалист/Менеджер,Мужской,IT,1,1,1,1,1,1,1,1,1,1,1,1,1,1,1,1,1,1,-1,1,1,0,1,1,1,1,1,1,1,1,1,1,1,1,1,1,1,1,1,1,1,1,1,1,1
emp_0358,От года до 3 лет,До 25 лет,Специалист/Менеджер,Мужской,IT,1,1,1,1,1,1,1,1,1,1,1,1,1,1,1,1,1,1,1,1,1,1,1,1,1,1,1,1,1,1,1,1,1,1,1,1,1,1,1,1,1,1,1,1,1
emp_0359,До полугода,От 26 до 35 лет,Специалист/Менеджер,Мужской,IT,1,1,1,1,1,1,1,1,1,1,1,1,1,1,1,1,1,1,1,1,1,1,1,1,1,0,0,0,1,1,1,1,0,1,1,0,1,1,1,1,0,0,1,1,1
emp_0360,От полугода до года,Старше 35 лет,Специалист/Менеджер,Мужской,IT,1,1,1,-1,1,1,1,1,1,1,1,1,1,1,1,1,1,-1,1,1,1,1,1,1,1,1,1,1,1,1,1,1,1,1,1,1,1,1,1,1,1,1,1,1,1
emp_0361,От года до 3 лет,От 26 до 35 лет,Линейный руководитель,Мужской,IT,1,1,1,-1,1,1,1,1,1,1,1,1,1,-1,1,1,1,1,1,1,1,1,1,1,-1,1,1,1,1,1,1,1,1,1,1,1,1,1,1,1,1,1,1,-1,1
emp_0362,От 3 до 5 лет,Старше 35 лет,Линейный руководитель,Мужской,IT,-1,1,1,0,1,1,1,0,1,1,1,-1,0,1,1,1,-1,1,1,1,1,1,1,1,1,-1,-1,1,1,1,1,0,1,1,1,1,1,1,1,0,-1,0,-1,-1,1
emp_0363,Более 5 лет,От 26 до 35 лет,Линейный руководитель,Мужской,IT,1,1,1,-1,-1,1,1,1,1,1,1,-1,1,-1,-1,1,1,1,-1,1,-1,1,1,1,1,1,-1,-1,1,-1,1,-1,1,1,1,-1,1,1,-1,-1,-1,1,1,1,1
emp_0364,От полугода до года,Старше 35 лет,Специалист/Менеджер,Мужской,IT,1,1,1,-1,1,1,1,1,1,1,1,1,1,1,1,0,1,1,1,1,1,1,1,1,1,1,1,1,1,1,1,1,0,1,1,1,1,1,1,1,1,0,1,1,1
emp_0365,До полугода,От 26 до 35 лет,Специалист/Менеджер,Мужской,IT,1,1,1,1,1,1,1,1,1,1,1,1,1,1,1,1,1,1,1,1,1,1,1,1,1,1,1,1,1,1,1,1,1,1,1,1,1,1,1,1,1,1,1,1,1
emp_0366,От года до 3 лет,От 26 до 35 лет,Специалист/Менеджер,Мужской,IT,1,1,1,0,1,1,1,1,1,1,1,1,1,-1,0,0,1,1,1,1,1,1,1,1,1,1,0,1,1,1,1,1,0,1,1,1,1,1,1,0,1,0,1,-1,0
emp_0367,Более 5 лет,От 26 до 35 лет,Специалист/Менеджер,Мужской,IT,1,1,1,1,1,1,1,1,1,1,1,1,1,1,1,1,1,1,1,1,1,1,1,1,1,1,-1,1,1,1,1,1,1,1,1,1,1,1,1,1,1,1,1,1,1
emp_0368,До полугода,От 26 до 35 лет,Специалист/Менеджер,Мужской,IT,-1,1,1,1,1,1,1,1,1,1,1,-1,1,-1,1,1,-1,-1,1,1,1,1,1,1,1,1,-1,-1,-1,1,-1,-1,1,-1,1,1,1,1,1,-1,1,-1,1,1,-1
emp_0369,От полугода до года,От 26 до 35 лет,Специалист/Менеджер,Мужской,IT,1,1,1,-1,1,1,0,1,0,-1,0,1,1,1,1,1,0,1,1,1,1,0,1,1,1,0,1,1,1,1,1,0,0,1,1,-1,1,1,1,0,1,1,1,1,0
emp_0370,От полугода до года,От 26 до 35 лет,Специалист/Менеджер,Мужской,Product,1,1,1,-1,1,1,1,1,1,1,1,1,1,1,1,-1,1,1,1,1,1,1,1,1,-1,1,1,1,1,1,1,1,1,1,1,1,1,1,1,1,1,1,1,1,1
emp_0371,От полугода до года,От 26 до 35 лет,Специалист/Менеджер,Мужской,IT,1,1,1,-1,1,1,1,1,1,1,1,1,1,1,1,1,1,1,1,1,1,1,1,1,-1,1,1,1,1,1,1,-1,1,1,1,1,1,1,1,1,1,-1,1,-1,1
emp_0372,От полугода до года,От 26 до 35 лет,Специалист/Менеджер,Мужской,IT,1,-1,1,1,0,-1,-1,-1,1,0,1,1,0,1,1,-1,0,-1,1,-1,1,-1,0,1,-1,0,1,1,-1,1,-1,0,1,1,1,0,1,0,-1,1,1,1,0,-1,1
emp_0373,От 3 до 5 лет,До 25 лет,Специалист/Менеджер,Мужской,IT,-1,0,0,-1,1,0,1,1,0,1,1,-1,0,-1,1,1,0,0,1,0,0,0,0,0,1,0,-1,1,0,1,1,-1,0,0,-1,-1,0,0,-1,1,0,-1,0,-1,1
emp_0374,От года до 3 лет,От 26 до 35 лет,Линейный руководитель,Мужской,IT,1,1,1,-1,1,-1,1,1,1,1,1,-1,1,-1,1,1,1,1,1,1,1,1,1,1,1,1,-1,-1,-1,1,1,-1,1,1,1,1,1,1,-1,1,1,1,-1,-1,1
emp_0375,Более 5 лет,От 26 до 35 лет,N-2,Женский,Operations,1,1,1,0,1,1,1,1,0,1,1,1,1,1,1,1,1,1,1,1,1,1,1,1,0,1,1,-1,1,1,1,1,1,1,1,1,1,1,1,1,1,1,1,1,-1
emp_0376,От 3 до 5 лет,Старше 35 лет,Специалист/Менеджер,Мужской,Operations,1,1,1,1,-1,-1,1,1,0,1,1,-1,1,-1,1,1,1,-1,0,-1,1,1,0,-1,1,-1,-1,-1,-1,1,1,-1,-1,1,-1,-1,-1,0,1,1,-1,1,-1,1,-1
emp_0377,От 3 до 5 лет,От 26 до 35 лет,Специалист/Менеджер,Мужской,Operations,1,1,1,-1,1,1,1,1,1,1,1,-1,1,1,1,1,1,1,1,1,1,1,1,1,1,1,1,1,1,1,1,1,1,1,1,-1,1,1,1,1,1,1,1,1,1
emp_0378,От 3 до 5 лет,От 26 до 35 лет,Линейный руководитель,Мужской,Operations,1,1,-1,-1,-1,1,1,1,0,1,1,1,1,1,1,1,-1,-1,1,1,1,0,1,1,1,-1,1,-1,1,1,1,1,1,1,1,-1,1,1,1,1,1,-1,1,1,1
emp_0379,От 3 до 5 лет,От 26 до 35 лет,Специалист/Менеджер,Женский,Operations,1,1,1,1,1,1,1,1,0,1,1,1,1,-1,1,1,1,1,1,1,1,1,1,1,1,1,-1,-1,1,1,1,1,1,1,1,-1,1,1,1,1,1,-1,1,-1,1
emp_0380,От 3 до 5 лет,От 26 до 35 лет,Специалист/Менеджер,Женский,Operations,1,1,1,-1,1,1,1,1,1,1,1,1,1,1,1,1,1,1,1,1,1,1,1,1,1,1,1,1,1,1,1,1,1,1,1,0,1,1,1,1,1,1,1,-1,1
emp_0381,От 3 до 5 лет,От 26 до 35 лет,Специалист/Менеджер,Женский,Operations,-1,-1,1,1,0,-1,1,1,-1,1,-1,-1,1,0,1,1,1,-1,1,0,1,0,1,-1,1,0,-1,-1,-1,-1,1,0,1,-1,0,-1,1,1,1,0,0,-1,1,1,0
emp_0382,От 3 до 5 лет,До 25 лет,Специалист/Менеджер,Мужской,Operations,1,1,1,1,1,1,-1,1,-1,1,1,-1,1,1,1,1,1,1,1,1,1,1,1,1,1,1,1,1,1,1,1,1,1,1,1,1,1,1,1,1,1,1,1,1,1
emp_0383,От года до 3 лет,От 26 до 35 лет,Линейный руководитель,Женский,Operations,1,1,1,-1,1,1,1,1,1,1,1,1,1,1,1,1,1,1,1,1,1,1,1,1,1,1,1,1,1,1,1,1,1,1,1,1,1,1,1,1,1,1,1,1,1
emp_0384,От года до 3 лет,От 26 до 35 лет,Специалист/Менеджер,Мужской,Operations,1,-1,1,1,1,1,1,1,-1,1,1,1,1,1,1,1,1,1,1,1,1,1,1,1,1,1,1,1,1,1,1,1,1,1,1,1,1,1,1,1,1,1,1,1,1
emp_0385,От года до 3 лет,Старше 35 лет,Специалист/Менеджер,Мужской,Operations,-1,1,1,1,1,1,1,1,1,1,1,1,1,1,1,1,1,1,1,1,1,1,1,1,1,1,1,1,1,1,1,1,1,1,1,1,1,1,1,1,1,1,1,1,1
emp_0386,От года до 3 лет,От 26 до 35 лет,Специалист/Менеджер,Мужской,Operations,1,-1,1,-1,0,1,1,1,-1,1,1,-1,1,-1,1,1,1,-1,1,1,1,-1,-1,-1,1,-1,-1,-1,-1,1,1,-1,1,-1,1,-1,1,-1,1,1,-1,1,1,1,0
emp_0387,От года до 3 лет,От 26 до 35 лет,Специалист/Менеджер,Мужской,Operations,1,1,1,1,1,1,1,1,1,1,1,1,1,1,1,-1,1,1,1,1,1,1,1,1,1,1,1,1,1,1,1,1,1,1,1,1,1,1,1,1,1,1,1,1,1
emp_0388,От года до 3 лет,От 26 до 35 лет,Специалист/Менеджер,Женский,Operations,1,1,1,-1,1,-1,1,1,1,1,1,1,1,1,1,1,1,0,0,1,1,1,1,1,-1,-1,-1,0,1,1,1,0,1,1,1,-1,-1,1,1,1,-1,1,1,1,-1
emp_0389,От года до 3 лет,От 26 до 35 лет,Линейный руководитель,Женский,Operations,1,1,1,1,1,-1,1,1,-1,1,1,1,1,1,1,1,1,-1,1,1,1,1,1,1,1,1,1,1,-1,1,1,1,1,1,1,-1,1,1,1,1,1,1,1,1,1
emp_0390,От года до 3 лет,Старше 35 лет,Линейный руководитель,Мужской,Operations,1,1,1,1,1,-1,1,1,1,1,1,-1,1,-1,-1,1,1,-1,1,-1,1,1,1,1,1,1,1,-1,1,1,1,1,1,1,1,-1,-1,1,1,1,1,1,-1,1,1
emp_0391,От года до 3 лет,От 26 до 35 лет,Специалист/Менеджер,Мужской,Operations,1,1,1,-1,-1,1,1,1,1,1,1,1,1,1,1,1,1,1,1,1,1,1,1,1,1,-1,-1,-1,1,1,-1,-1,1,1,1,-1,1,1,1,1,1,1,-1,1,1
emp_0392,От года до 3 лет,До 25 лет,Специалист/Менеджер,Женский,Operations,1,1,1,1,1,1,1,1,1,1,1,1,1,1,1,1,1,-1,1,1,1,1,1,1,1,1,1,1,1,1,1,1,1,1,1,1,1,1,1,1,1,1,1,1,1
emp_0393,От года до 3 лет,До 25 лет,Специалист/Менеджер,Мужской,IT,1,-1,1,-1,-1,1,1,1,-1,1,1,1,1,1,1,1,1,1,1,1,1,1,1,1,1,1,1,1,1,1,1,1,1,1,1,1,1,1,1,1,1,1,1,1,-1
emp_0394,От года до 3 лет,От 26 до 35 лет,Специалист/Менеджер,Мужской,Administrative,1,1,1,1,1,1,1,1,1,1,1,1,1,1,1,1,1,1,1,1,1,1,1,1,1,1,1,1,1,1,1,1,1,1,1,-1,1,1,1,1,1,1,1,1,-1
emp_0395,От года до 3 лет,От 26 до 35 лет,Специалист/Менеджер,Женский,Administrative,1,1,1,1,1,1,1,1,1,1,1,1,1,1,1,1,1,1,1,1,1,1,1,1,1,1,1,1,1,1,1,1,1,1,1,0,1,1,1,1,1,1,1,1,1
emp_0396,От года до 3 лет,От 26 до 35 лет,Специалист/Менеджер,Женский,Operations,-1,1,1,1,1,1,1,1,1,1,1,1,1,0,1,1,1,0,1,1,1,1,1,1,1,1,0,1,1,1,1,1,1,1,1,-1,1,1,1,1,1,1,-1,0,1
emp_0397,От года до 3 лет,От 26 до 35 лет,Специалист/Менеджер,Женский,HR,1,1,1,-1,1,1,1,1,0,1,1,1,1,1,1,1,1,-1,1,1,1,1,1,1,1,1,-1,-1,1,1,1,1,1,1,1,-1,1,1,1,1,1,1,1,-1,1
emp_0398,От полугода до года,От 26 до 35 лет,Специалист/Менеджер,Мужской,IT,1,-1,1,1,0,1,1,1,-1,1,1,1,1,1,1,1,1,1,1,1,1,1,1,1,1,1,1,1,1,1,1,1,1,1,1,-1,1,1,1,1,1,1,1,1,1
emp_0399,От полугода до года,От 26 до 35 лет,Специалист/Менеджер,Женский,Operations,1,1,1,1,-1,1,1,1,1,1,1,1,1,1,1,1,1,1,1,1,1,1,1,1,1,1,1,1,1,1,1,1,1,1,1,1,1,1,1,1,1,1,1,1,1
emp_0400,До полугода,От 26 до 35 лет,Линейный руководитель,Мужской,Administrative,1,1,1,1,1,1,1,1,1,1,1,1,1,1,1,1,1,1,1,1,1,1,1,1,1,1,1,1,1,1,1,1,1,1,1,1,1,1,1,1,1,1,1,1,1
emp_0401,До полугода,От 26 до 35 лет,Специалист/Менеджер,Мужской,Operations,1,-1,1,-1,1,-1,1,1,1,1,1,1,1,1,1,1,1,1,1,1,1,1,1,1,1,1,1,1,1,1,1,1,1,1,1,1,1,1,1,1,1,1,1,1,1
emp_0402,До полугода,От 26 до 35 лет,Специалист/Менеджер,Мужской,Operations,1,1,1,1,1,1,1,1,1,1,1,1,1,1,1,1,1,1,1,1,1,1,1,1,1,1,1,1,1,1,1,1,1,1,1,1,1,1,1,1,1,1,1,1,1
emp_0403,До полугода,От 26 до 35 лет,Специалист/Менеджер,Мужской,Operations,-1,1,1,1,1,1,1,1,1,-1,1,1,1,1,1,1,1,1,1,1,1,1,1,1,1,1,1,1,1,1,1,1,1,1,1,1,1,1,1,1,1,1,1,1,1
emp_0404,До полугода,До 25 лет,Специалист/Менеджер,Женский,Administrative,1,1,1,1,1,1,1,1,0,1,1,1,1,1,1,1,1,-1,1,1,1,1,1,1,1,1,1,1,1,1,1,1,1,1,1,-1,1,1,1,1,1,1,1,1,1